id,Sex,Age,Height,Weight,Duration,Heart_Rate,Body_Temp,Calories,Cluster
404846,female,56,163.0,61.0,29.0,108.0,40.8,200.0,1
580313,male,44,179.0,87.0,13.0,94.0,40.3,64.0,0
552086,male,41,186.0,84.0,10.0,89.0,39.9,39.0,0
370876,female,38,161.0,58.0,19.0,98.0,40.6,103.0,1
239330,male,57,181.0,77.0,9.0,98.0,40.0,52.0,0
590719,female,24,163.0,59.0,16.0,95.0,40.4,77.0,1
491326,female,72,171.0,70.0,5.0,90.0,38.8,31.0,0
271448,female,48,159.0,62.0,11.0,88.0,39.8,46.0,0
430275,male,65,202.0,99.0,24.0,106.0,40.9,195.0,1
245481,female,47,164.0,64.0,27.0,105.0,40.9,169.0,1
436551,female,59,160.0,63.0,12.0,89.0,40.1,62.0,0
166088,male,38,169.0,76.0,6.0,88.0,38.9,20.0,0
127735,male,32,196.0,101.0,1.0,90.0,37.5,4.0,0
18191,male,21,179.0,75.0,18.0,103.0,40.4,87.0,1
147941,female,26,161.0,63.0,23.0,104.0,40.8,135.0,1
202762,male,71,187.0,93.0,14.0,104.0,40.3,105.0,1
133103,female,23,178.0,68.0,21.0,102.0,40.3,113.0,1
255288,male,62,181.0,75.0,2.0,77.0,37.9,6.0,0
662070,female,25,151.0,53.0,5.0,93.0,39.0,25.0,0
466741,female,29,179.0,74.0,13.0,87.0,40.1,52.0,0
705337,male,60,197.0,99.0,24.0,107.0,40.5,193.0,1
362965,male,54,170.0,77.0,25.0,111.0,40.7,202.0,1
119607,female,63,169.0,63.0,9.0,94.0,39.6,48.0,0
472154,male,54,186.0,82.0,3.0,85.0,38.9,12.0,0
137444,male,42,183.0,82.0,10.0,95.0,40.0,51.0,0
453930,female,42,163.0,63.0,11.0,94.0,39.6,56.0,0
376838,female,58,177.0,77.0,1.0,87.0,37.8,4.0,0
48422,female,46,174.0,72.0,20.0,102.0,40.6,118.0,1
511762,female,71,162.0,60.0,13.0,99.0,39.9,77.0,0
416965,male,48,190.0,87.0,17.0,98.0,40.2,97.0,1
437026,female,66,152.0,55.0,8.0,88.0,39.8,37.0,0
381916,male,50,173.0,78.0,27.0,104.0,40.9,179.0,1
407600,male,23,181.0,78.0,19.0,104.0,40.5,99.0,1
702260,male,22,166.0,68.0,18.0,90.0,40.6,44.0,0
365422,female,63,159.0,60.0,14.0,105.0,39.9,98.0,1
356535,male,28,192.0,92.0,1.0,84.0,37.9,4.0,0
292425,female,27,172.0,69.0,7.0,90.0,39.4,29.0,0
21358,male,55,187.0,89.0,1.0,73.0,37.5,3.0,0
351189,male,44,189.0,84.0,4.0,80.0,38.8,11.0,0
85189,female,45,158.0,58.0,21.0,105.0,40.8,135.0,1
516236,male,21,204.0,102.0,23.0,104.0,40.8,133.0,1
349675,male,66,182.0,86.0,9.0,88.0,39.9,50.0,0
491064,female,30,174.0,73.0,17.0,103.0,40.4,96.0,1
647262,male,55,187.0,94.0,12.0,90.0,39.8,60.0,0
462741,male,36,178.0,79.0,23.0,111.0,40.8,153.0,1
508557,male,32,194.0,101.0,14.0,92.0,40.3,60.0,0
468333,male,55,181.0,81.0,9.0,89.0,39.7,41.0,0
370288,male,31,176.0,76.0,24.0,107.0,40.5,143.0,1
714001,female,22,159.0,56.0,24.0,106.0,40.6,147.0,1
180780,male,54,199.0,104.0,5.0,88.0,39.2,25.0,0
597236,female,42,155.0,59.0,22.0,105.0,40.7,142.0,1
206045,male,43,181.0,85.0,16.0,98.0,40.2,90.0,1
162066,female,63,170.0,71.0,16.0,97.0,40.4,91.0,1
694811,male,27,191.0,96.0,17.0,96.0,40.1,78.0,0
408825,male,44,177.0,83.0,23.0,109.0,40.4,165.0,1
219644,female,30,177.0,69.0,19.0,95.0,40.3,93.0,1
516354,female,25,154.0,52.0,11.0,96.0,40.6,54.0,0
596520,male,49,188.0,88.0,23.0,100.0,40.9,148.0,1
190426,female,24,165.0,62.0,28.0,111.0,40.9,183.0,1
240198,female,29,171.0,64.0,18.0,103.0,40.8,103.0,1
365761,female,61,169.0,73.0,22.0,104.0,40.8,138.0,1
668894,male,63,192.0,98.0,27.0,117.0,41.1,252.0,1
626826,female,45,153.0,60.0,22.0,102.0,40.7,134.0,1
523910,male,47,187.0,87.0,21.0,101.0,40.4,129.0,1
49433,female,21,175.0,70.0,26.0,108.0,40.8,157.0,1
707600,female,77,168.0,64.0,27.0,101.0,40.8,188.0,1
62900,female,78,158.0,60.0,14.0,98.0,40.5,86.0,1
627804,male,77,189.0,93.0,29.0,111.0,40.8,264.0,1
228951,male,40,176.0,75.0,15.0,94.0,40.1,65.0,0
45671,female,42,156.0,60.0,21.0,92.0,40.8,106.0,1
314342,female,34,152.0,57.0,7.0,94.0,39.6,34.0,0
110928,female,39,159.0,57.0,22.0,97.0,40.6,123.0,1
121696,male,30,183.0,83.0,8.0,86.0,39.7,25.0,0
483421,male,20,179.0,78.0,5.0,83.0,39.2,14.0,0
419615,male,43,190.0,91.0,16.0,91.0,40.6,70.0,0
441954,male,22,181.0,86.0,4.0,87.0,38.8,12.0,0
304948,female,30,172.0,72.0,30.0,105.0,40.8,174.0,1
724274,male,73,189.0,90.0,29.0,107.0,40.9,243.0,1
399517,female,43,158.0,64.0,8.0,94.0,39.5,42.0,0
328925,male,59,190.0,94.0,25.0,104.0,40.6,183.0,1
494860,male,56,175.0,76.0,7.0,83.0,39.5,27.0,0
712530,male,46,163.0,67.0,11.0,88.0,39.6,43.0,0
50413,male,24,194.0,95.0,17.0,99.0,40.2,86.0,1
580334,male,23,171.0,72.0,25.0,104.0,40.7,142.0,1
264913,male,28,193.0,96.0,8.0,89.0,39.7,27.0,0
720086,male,26,194.0,88.0,6.0,98.0,39.4,28.0,0
571362,female,40,149.0,51.0,22.0,95.0,40.7,117.0,1
383235,male,36,201.0,98.0,11.0,91.0,40.0,47.0,0
728287,male,38,175.0,72.0,6.0,83.0,39.6,17.0,0
229989,female,52,160.0,63.0,22.0,101.0,40.4,131.0,1
79058,male,21,176.0,83.0,9.0,91.0,39.8,30.0,0
747468,male,31,183.0,83.0,15.0,91.0,40.1,58.0,0
605665,female,25,164.0,65.0,11.0,93.0,39.9,51.0,0
471953,female,63,176.0,76.0,29.0,100.0,40.9,183.0,1
735174,female,52,169.0,67.0,15.0,95.0,40.3,80.0,1
461520,female,27,171.0,66.0,12.0,97.0,39.9,58.0,0
501526,female,22,183.0,71.0,13.0,93.0,40.1,58.0,0
205126,male,61,180.0,83.0,15.0,91.0,40.1,80.0,0
345757,male,39,194.0,99.0,26.0,102.0,40.9,158.0,1
378290,male,37,181.0,88.0,7.0,90.0,39.8,27.0,0
3739,male,29,190.0,95.0,21.0,105.0,40.8,131.0,1
328260,male,50,189.0,99.0,6.0,95.0,39.3,33.0,0
563488,male,41,187.0,89.0,3.0,78.0,38.6,9.0,0
344921,male,76,189.0,91.0,28.0,112.0,41.0,259.0,1
365639,male,35,175.0,72.0,10.0,85.0,39.7,28.0,0
671247,male,30,191.0,102.0,2.0,74.0,38.8,3.0,0
98333,female,55,174.0,73.0,22.0,109.0,40.7,151.0,1
340298,male,38,184.0,88.0,14.0,97.0,40.0,72.0,0
682124,male,39,182.0,86.0,16.0,89.0,40.6,69.0,0
205037,male,48,196.0,102.0,15.0,85.0,40.2,66.0,0
596174,male,21,189.0,85.0,9.0,90.0,39.7,29.0,0
503235,male,48,174.0,78.0,13.0,99.0,40.4,73.0,1
494814,female,38,165.0,65.0,29.0,115.0,40.8,205.0,1
552987,female,25,168.0,64.0,26.0,107.0,40.9,160.0,1
717811,male,22,171.0,79.0,11.0,90.0,39.1,38.0,0
690016,male,39,175.0,80.0,20.0,102.0,40.6,119.0,1
403941,male,25,177.0,77.0,27.0,101.0,41.1,135.0,1
700051,male,45,183.0,87.0,8.0,84.0,39.7,27.0,0
293837,male,37,182.0,89.0,17.0,94.0,40.6,82.0,1
39806,male,31,183.0,87.0,25.0,102.0,40.9,138.0,1
643418,female,61,176.0,75.0,15.0,95.0,40.4,80.0,1
664108,female,32,181.0,77.0,17.0,102.0,40.5,94.0,1
222573,female,40,169.0,64.0,17.0,105.0,40.1,101.0,1
393408,male,21,187.0,82.0,17.0,102.0,40.2,85.0,1
609706,male,34,189.0,95.0,12.0,99.0,39.9,64.0,0
107869,male,35,187.0,88.0,23.0,99.0,40.8,123.0,1
310664,male,51,192.0,95.0,21.0,100.0,40.4,135.0,1
716817,female,48,156.0,61.0,12.0,99.0,40.2,67.0,1
27305,male,34,177.0,76.0,28.0,103.0,41.2,156.0,1
317866,female,40,166.0,64.0,19.0,97.0,40.2,100.0,1
401955,female,44,167.0,64.0,20.0,104.0,40.7,123.0,1
217487,female,60,163.0,57.0,27.0,109.0,41.0,189.0,1
359478,male,48,191.0,84.0,16.0,92.0,40.3,75.0,0
721505,male,45,198.0,101.0,17.0,99.0,40.5,106.0,1
213460,female,22,168.0,68.0,30.0,107.0,40.9,178.0,1
440262,male,39,181.0,84.0,7.0,88.0,39.4,26.0,0
365590,female,75,170.0,68.0,20.0,98.0,40.5,118.0,1
672008,female,75,168.0,70.0,4.0,79.0,38.7,15.0,0
75634,female,50,163.0,60.0,11.0,103.0,39.8,69.0,0
71391,male,21,188.0,88.0,9.0,88.0,39.8,29.0,0
342592,female,47,183.0,81.0,22.0,98.0,40.4,120.0,1
744866,female,26,159.0,56.0,14.0,85.0,40.2,55.0,0
14194,male,69,184.0,88.0,27.0,104.0,40.7,195.0,1
439431,female,48,173.0,72.0,14.0,91.0,40.3,67.0,0
90060,male,64,183.0,82.0,2.0,81.0,38.1,7.0,0
208036,male,42,182.0,85.0,14.0,101.0,40.3,81.0,1
350855,female,54,169.0,71.0,6.0,90.0,39.4,27.0,0
723362,male,65,174.0,77.0,1.0,82.0,38.0,4.0,0
653240,female,54,148.0,55.0,7.0,86.0,39.4,31.0,0
361196,male,29,182.0,90.0,12.0,90.0,40.2,49.0,0
201900,male,33,182.0,82.0,25.0,109.0,40.9,163.0,1
183200,female,30,155.0,57.0,24.0,100.0,40.2,133.0,1
117893,male,65,174.0,81.0,27.0,103.0,40.6,175.0,1
533029,female,56,181.0,80.0,21.0,107.0,40.4,144.0,1
30725,female,44,169.0,69.0,20.0,99.0,40.6,109.0,1
505729,female,26,161.0,60.0,4.0,82.0,39.2,14.0,0
339602,male,64,182.0,91.0,12.0,90.0,40.5,65.0,0
542281,female,44,162.0,64.0,20.0,99.0,40.9,113.0,1
346665,male,59,169.0,76.0,6.0,85.0,39.1,25.0,0
363190,male,40,173.0,74.0,21.0,104.0,40.6,129.0,1
10956,female,25,156.0,60.0,28.0,110.0,40.5,181.0,1
216774,male,40,194.0,90.0,4.0,86.0,39.1,16.0,0
630765,male,31,193.0,95.0,19.0,105.0,40.5,112.0,1
34090,male,42,212.0,104.0,22.0,108.0,40.5,166.0,1
198149,male,54,182.0,92.0,28.0,104.0,41.0,191.0,1
596532,male,23,187.0,87.0,17.0,98.0,40.2,85.0,1
183330,female,21,154.0,56.0,4.0,80.0,38.9,12.0,0
467258,male,26,181.0,79.0,28.0,108.0,40.8,172.0,1
676674,male,25,188.0,87.0,27.0,103.0,40.8,150.0,1
210193,male,22,184.0,87.0,2.0,84.0,37.7,4.0,0
356956,male,61,191.0,94.0,9.0,77.0,39.4,27.0,0
658384,female,28,154.0,55.0,14.0,95.0,40.3,71.0,1
509926,female,23,191.0,92.0,15.0,93.0,40.1,62.0,0
726965,male,32,179.0,80.0,3.0,81.0,38.7,6.0,0
451865,female,44,175.0,65.0,23.0,100.0,40.7,132.0,1
522671,female,21,169.0,63.0,8.0,87.0,39.8,32.0,0
363669,female,30,162.0,58.0,11.0,92.0,39.8,50.0,0
210377,male,35,195.0,100.0,13.0,93.0,39.9,61.0,0
349579,female,35,163.0,66.0,21.0,101.0,40.7,117.0,1
408626,female,21,169.0,68.0,21.0,107.0,40.5,123.0,1
534881,male,70,186.0,91.0,27.0,108.0,40.6,223.0,1
112330,female,24,172.0,66.0,1.0,78.0,37.6,4.0,0
553259,male,48,181.0,87.0,20.0,101.0,40.4,122.0,1
58912,male,27,176.0,75.0,13.0,91.0,40.0,49.0,0
604613,female,42,164.0,61.0,6.0,83.0,39.3,21.0,0
726634,male,28,201.0,104.0,28.0,104.0,40.8,172.0,1
329808,female,31,165.0,59.0,22.0,98.0,40.6,117.0,1
436742,male,38,189.0,91.0,2.0,85.0,38.3,7.0,0
95796,female,26,171.0,65.0,5.0,80.0,39.2,17.0,0
68347,male,28,188.0,91.0,15.0,102.0,40.1,83.0,1
137197,female,71,175.0,71.0,16.0,93.0,40.5,86.0,1
497054,female,64,160.0,56.0,27.0,108.0,40.8,191.0,1
258912,male,38,184.0,89.0,6.0,88.0,39.4,23.0,0
274016,male,26,193.0,93.0,15.0,98.0,40.0,73.0,0
152894,male,43,174.0,78.0,24.0,105.0,40.7,150.0,1
83694,male,50,181.0,81.0,22.0,106.0,40.7,151.0,1
204126,female,25,165.0,62.0,3.0,76.0,38.9,10.0,0
396320,male,54,199.0,102.0,7.0,90.0,39.5,36.0,0
553755,male,26,191.0,91.0,24.0,106.0,40.4,141.0,1
630560,female,44,174.0,73.0,8.0,91.0,39.5,36.0,0
388767,female,50,150.0,51.0,7.0,91.0,39.7,35.0,0
413383,male,25,184.0,91.0,4.0,91.0,39.1,12.0,0
256991,male,38,193.0,99.0,6.0,91.0,39.4,27.0,0
83293,female,64,161.0,63.0,27.0,111.0,40.8,194.0,1
556789,male,64,181.0,87.0,16.0,94.0,40.2,90.0,1
160739,female,32,168.0,64.0,2.0,85.0,39.0,8.0,0
580324,female,38,169.0,67.0,9.0,91.0,39.6,40.0,0
407532,male,20,193.0,98.0,4.0,92.0,38.9,16.0,0
304162,male,29,179.0,83.0,24.0,104.0,40.8,138.0,1
167137,male,51,183.0,85.0,25.0,96.0,40.5,139.0,1
81648,female,73,158.0,58.0,6.0,95.0,39.4,38.0,0
118946,female,20,177.0,71.0,3.0,78.0,39.0,8.0,0
2704,male,79,182.0,91.0,18.0,93.0,40.7,115.0,1
178035,female,28,163.0,60.0,29.0,105.0,40.8,174.0,1
452753,female,36,172.0,68.0,8.0,92.0,39.5,39.0,0
640415,female,63,175.0,73.0,30.0,116.0,40.9,226.0,1
576088,male,56,193.0,99.0,6.0,86.0,39.3,28.0,0
727573,female,30,167.0,62.0,11.0,93.0,40.0,53.0,0
225508,female,22,164.0,62.0,17.0,106.0,40.4,99.0,1
313095,male,59,193.0,102.0,3.0,77.0,38.1,9.0,0
524799,female,54,162.0,60.0,14.0,93.0,40.3,71.0,0
595377,male,32,193.0,94.0,4.0,88.0,38.7,15.0,0
631594,female,54,184.0,81.0,9.0,88.0,39.8,39.0,0
480562,male,21,183.0,82.0,25.0,117.0,40.8,165.0,1
417026,male,33,197.0,97.0,2.0,83.0,38.1,6.0,0
359990,male,20,176.0,77.0,23.0,104.0,40.5,119.0,1
148355,male,34,179.0,81.0,21.0,101.0,40.7,111.0,1
24103,female,21,163.0,60.0,10.0,91.0,39.7,41.0,0
60805,male,59,184.0,80.0,5.0,81.0,39.0,17.0,0
364431,male,26,177.0,82.0,25.0,114.0,40.7,184.0,1
475144,female,26,173.0,67.0,5.0,79.0,39.3,17.0,0
428422,female,24,172.0,70.0,14.0,94.0,40.1,66.0,0
346620,male,53,179.0,78.0,16.0,95.0,40.5,89.0,1
22144,male,20,194.0,92.0,13.0,95.0,40.1,56.0,0
421890,male,64,187.0,98.0,29.0,103.0,41.1,223.0,1
215639,female,34,161.0,60.0,3.0,86.0,38.7,12.0,0
435498,male,35,198.0,102.0,29.0,106.0,40.7,194.0,1
417733,male,25,169.0,73.0,14.0,89.0,40.2,55.0,0
111565,female,70,166.0,65.0,15.0,90.0,40.0,76.0,0
300956,female,55,160.0,61.0,19.0,93.0,40.4,98.0,1
162987,male,39,184.0,88.0,24.0,104.0,40.6,153.0,1
195797,female,31,169.0,66.0,23.0,103.0,40.5,137.0,1
91020,female,21,161.0,55.0,5.0,88.0,39.1,22.0,0
489926,male,57,187.0,93.0,2.0,87.0,38.1,8.0,0
218368,male,31,180.0,79.0,10.0,89.0,39.9,33.0,0
21655,male,24,192.0,88.0,5.0,84.0,39.0,12.0,0
488073,male,43,181.0,79.0,5.0,91.0,39.0,23.0,0
733589,female,48,161.0,60.0,16.0,94.0,40.4,82.0,1
470363,male,55,191.0,98.0,5.0,84.0,39.1,22.0,0
324813,male,64,182.0,79.0,20.0,97.0,40.2,123.0,1
697705,female,59,165.0,64.0,22.0,102.0,40.5,138.0,1
455807,male,24,176.0,79.0,7.0,88.0,39.4,21.0,0
684214,male,29,174.0,75.0,22.0,103.0,40.9,116.0,1
217359,male,21,177.0,77.0,21.0,96.0,40.7,77.0,1
348762,male,39,195.0,100.0,15.0,97.0,40.0,79.0,0
233121,female,24,166.0,61.0,27.0,102.0,40.7,151.0,1
648263,female,39,165.0,65.0,25.0,110.0,40.8,166.0,1
304525,female,45,189.0,84.0,8.0,88.0,39.5,35.0,0
249146,male,38,183.0,87.0,28.0,110.0,40.9,196.0,1
187783,female,24,166.0,60.0,4.0,87.0,38.8,16.0,0
489906,female,21,172.0,66.0,2.0,85.0,38.1,5.0,0
489726,male,51,192.0,91.0,2.0,81.0,38.5,7.0,0
645987,male,57,180.0,86.0,24.0,97.0,40.7,148.0,1
285470,female,66,164.0,61.0,11.0,92.0,40.1,59.0,0
332971,female,21,159.0,59.0,1.0,80.0,37.9,4.0,0
462703,female,72,163.0,66.0,13.0,94.0,40.2,75.0,0
413618,female,46,161.0,63.0,12.0,88.0,40.2,53.0,0
37586,female,75,155.0,56.0,12.0,85.0,40.0,60.0,0
693533,female,27,176.0,68.0,5.0,82.0,39.4,18.0,0
407620,female,33,165.0,61.0,27.0,105.0,40.9,158.0,1
376205,female,55,157.0,57.0,25.0,107.0,40.9,171.0,1
91581,female,27,163.0,66.0,20.0,99.0,40.5,106.0,1
14098,male,50,179.0,79.0,20.0,111.0,40.7,153.0,1
79953,male,44,178.0,88.0,18.0,104.0,40.4,110.0,1
486785,female,54,161.0,63.0,13.0,90.0,39.7,65.0,0
460516,female,42,179.0,73.0,7.0,81.0,39.8,26.0,0
306452,male,45,203.0,111.0,15.0,102.0,40.1,104.0,1
384580,male,54,179.0,80.0,3.0,92.0,38.5,14.0,0
33452,female,66,173.0,69.0,25.0,102.0,40.6,153.0,1
243153,female,26,167.0,65.0,27.0,104.0,40.9,159.0,1
665594,male,35,200.0,98.0,11.0,93.0,39.9,54.0,0
152799,female,40,179.0,71.0,12.0,100.0,39.8,64.0,0
162903,male,24,193.0,102.0,4.0,87.0,39.0,13.0,0
24816,male,33,176.0,73.0,20.0,98.0,40.4,92.0,1
621737,female,21,163.0,60.0,21.0,97.0,40.4,98.0,1
300380,male,35,176.0,76.0,17.0,108.0,39.9,110.0,1
213305,male,28,187.0,85.0,3.0,92.0,38.7,11.0,0
554889,female,32,166.0,63.0,29.0,107.0,40.9,184.0,1
344649,male,31,186.0,89.0,4.0,82.0,38.6,11.0,0
74546,male,48,202.0,104.0,5.0,80.0,39.0,19.0,0
339886,female,51,169.0,71.0,9.0,94.0,39.7,45.0,0
231312,female,50,168.0,64.0,1.0,82.0,37.9,4.0,0
168508,male,74,187.0,92.0,8.0,90.0,39.5,48.0,0
310924,male,64,193.0,103.0,19.0,97.0,40.5,123.0,1
278548,female,64,163.0,59.0,6.0,89.0,39.2,28.0,0
150628,male,21,162.0,59.0,5.0,78.0,39.0,8.0,0
50187,female,34,178.0,71.0,9.0,95.0,39.7,44.0,0
232322,male,48,187.0,88.0,9.0,95.0,39.8,48.0,0
311264,male,64,176.0,82.0,12.0,87.0,40.3,58.0,0
424998,female,61,170.0,65.0,9.0,88.0,39.4,42.0,0
470530,female,57,168.0,68.0,14.0,92.0,40.3,69.0,0
418540,male,53,179.0,82.0,7.0,83.0,39.4,26.0,0
172544,male,20,202.0,104.0,22.0,97.0,40.7,98.0,1
470357,female,51,160.0,63.0,18.0,93.0,40.5,92.0,1
677561,female,23,158.0,59.0,21.0,108.0,40.8,133.0,1
454900,male,50,191.0,96.0,13.0,95.0,40.5,73.0,0
247139,male,28,177.0,73.0,2.0,76.0,38.1,3.0,0
144073,male,37,188.0,86.0,29.0,111.0,41.0,212.0,1
694348,female,24,177.0,74.0,5.0,83.0,39.0,14.0,0
461893,female,58,176.0,77.0,9.0,88.0,39.8,39.0,0
27382,male,54,176.0,77.0,7.0,83.0,39.7,26.0,0
488873,female,40,182.0,74.0,26.0,102.0,41.0,151.0,1
118017,female,24,152.0,50.0,8.0,95.0,39.5,42.0,0
23673,female,29,168.0,63.0,14.0,92.0,40.4,65.0,0
705230,male,52,174.0,77.0,21.0,105.0,40.6,145.0,1
273282,male,29,183.0,82.0,17.0,98.0,40.5,83.0,1
185536,male,32,187.0,88.0,13.0,94.0,40.4,60.0,0
70601,male,50,200.0,103.0,15.0,90.0,40.2,76.0,0
339083,female,37,164.0,58.0,3.0,79.0,38.7,10.0,0
312280,female,40,160.0,62.0,30.0,114.0,40.6,210.0,1
120474,female,20,167.0,64.0,19.0,96.0,40.2,94.0,1
292015,female,40,160.0,62.0,19.0,99.0,40.4,111.0,1
329435,male,20,185.0,91.0,20.0,104.0,40.5,105.0,1
612164,female,21,165.0,56.0,4.0,85.0,38.7,14.0,0
487678,male,37,186.0,94.0,20.0,98.0,40.9,108.0,1
136432,female,34,173.0,66.0,14.0,87.0,39.5,55.0,0
712956,male,69,188.0,93.0,17.0,96.0,40.7,111.0,1
456348,male,64,193.0,99.0,12.0,93.0,40.1,70.0,0
609742,female,23,172.0,68.0,21.0,104.0,40.6,120.0,1
350656,male,31,188.0,83.0,14.0,99.0,40.3,69.0,1
381000,male,28,177.0,77.0,18.0,98.0,40.1,82.0,1
535496,male,24,179.0,77.0,13.0,90.0,40.0,48.0,0
414650,female,61,180.0,78.0,15.0,86.0,40.5,67.0,0
520986,female,26,148.0,54.0,13.0,97.0,40.4,67.0,1
308028,female,26,154.0,58.0,24.0,105.0,40.7,148.0,1
411070,female,42,152.0,56.0,27.0,101.0,40.8,161.0,1
669925,female,37,179.0,73.0,28.0,107.0,40.9,174.0,1
590660,male,30,196.0,93.0,4.0,87.0,38.6,13.0,0
305676,male,77,185.0,90.0,28.0,112.0,40.8,253.0,1
382111,female,26,158.0,60.0,19.0,97.0,40.6,100.0,1
94492,male,51,179.0,82.0,24.0,101.0,40.7,155.0,1
61585,male,20,200.0,97.0,27.0,103.0,40.8,144.0,1
211585,male,36,176.0,79.0,7.0,82.0,39.5,19.0,0
272345,male,39,176.0,76.0,29.0,108.0,40.9,197.0,1
642674,female,59,167.0,64.0,14.0,91.0,40.0,72.0,0
612881,female,23,156.0,54.0,26.0,107.0,40.6,162.0,1
187874,male,51,178.0,77.0,14.0,89.0,40.3,63.0,0
550358,female,26,173.0,68.0,7.0,81.0,39.7,24.0,0
148116,male,61,199.0,102.0,14.0,89.0,40.3,74.0,0
193523,female,45,172.0,64.0,17.0,98.0,40.2,94.0,1
424229,male,43,195.0,91.0,3.0,89.0,38.3,13.0,0
87260,male,41,184.0,88.0,10.0,90.0,39.8,42.0,0
738886,female,24,168.0,65.0,4.0,88.0,39.0,16.0,0
442221,female,47,169.0,66.0,6.0,85.0,39.3,25.0,0
309738,female,38,158.0,54.0,22.0,95.0,40.5,118.0,1
488943,male,20,192.0,92.0,4.0,87.0,38.8,12.0,0
325177,female,51,161.0,63.0,22.0,102.0,40.5,134.0,1
545195,female,30,159.0,54.0,18.0,97.0,40.4,96.0,1
648174,female,61,152.0,56.0,29.0,110.0,41.0,207.0,1
278270,female,42,172.0,70.0,1.0,80.0,38.1,4.0,0
332873,male,42,184.0,83.0,10.0,91.0,39.7,43.0,0
57073,female,23,151.0,56.0,22.0,91.0,40.3,96.0,1
277646,male,67,195.0,99.0,1.0,79.0,37.9,4.0,0
158230,male,52,186.0,82.0,21.0,98.0,40.6,129.0,1
245295,male,57,180.0,89.0,3.0,83.0,38.6,13.0,0
61227,male,51,196.0,99.0,26.0,108.0,40.9,198.0,1
144910,female,48,149.0,54.0,5.0,83.0,38.9,21.0,0
105238,male,27,191.0,94.0,29.0,106.0,40.8,173.0,1
504896,male,48,171.0,77.0,6.0,90.0,39.7,25.0,0
183934,male,32,178.0,79.0,29.0,99.0,40.9,161.0,1
698448,male,42,184.0,89.0,13.0,93.0,40.1,63.0,0
455559,male,67,194.0,98.0,2.0,82.0,38.2,7.0,0
666066,male,24,176.0,75.0,19.0,96.0,40.3,72.0,1
95712,female,48,150.0,54.0,9.0,97.0,39.9,52.0,0
598609,male,35,180.0,84.0,29.0,105.0,40.8,179.0,1
227017,female,23,162.0,60.0,13.0,94.0,40.1,64.0,0
499945,male,39,190.0,89.0,28.0,106.0,41.0,184.0,1
547725,male,61,187.0,90.0,12.0,90.0,40.2,62.0,0
306694,male,64,184.0,92.0,11.0,102.0,40.4,78.0,1
584685,male,54,175.0,84.0,30.0,100.0,40.7,191.0,1
99098,female,59,155.0,56.0,13.0,96.0,40.0,73.0,0
158063,female,34,171.0,69.0,21.0,101.0,40.4,118.0,1
228815,female,28,169.0,69.0,23.0,102.0,40.7,125.0,1
106335,female,39,161.0,61.0,5.0,82.0,39.3,19.0,0
586916,female,20,164.0,64.0,13.0,95.0,40.3,58.0,0
749115,female,32,154.0,54.0,25.0,112.0,40.9,177.0,1
548898,male,24,175.0,75.0,24.0,110.0,40.5,152.0,1
523413,female,64,160.0,62.0,17.0,98.0,40.6,101.0,1
457565,male,39,177.0,79.0,26.0,101.0,40.7,146.0,1
659997,male,24,194.0,103.0,13.0,92.0,40.3,46.0,0
646288,male,25,196.0,102.0,30.0,104.0,40.8,176.0,1
698711,male,44,183.0,84.0,7.0,82.0,39.3,24.0,0
291248,male,25,169.0,65.0,15.0,93.0,40.1,63.0,0
381824,male,63,179.0,81.0,10.0,87.0,39.5,49.0,0
657050,female,44,181.0,73.0,17.0,108.0,40.6,109.0,1
363746,male,62,189.0,95.0,11.0,95.0,40.4,66.0,0
133208,female,68,170.0,66.0,14.0,101.0,40.1,88.0,1
391856,female,51,151.0,56.0,19.0,106.0,40.6,123.0,1
594655,male,43,177.0,82.0,17.0,102.0,40.2,104.0,1
456805,female,22,163.0,59.0,23.0,110.0,40.7,150.0,1
14794,male,69,191.0,88.0,11.0,86.0,39.5,54.0,0
481551,male,21,171.0,71.0,29.0,102.0,40.9,138.0,1
124528,female,49,160.0,55.0,11.0,87.0,39.7,51.0,0
540175,female,51,164.0,63.0,17.0,93.0,40.2,90.0,1
468397,female,59,171.0,64.0,6.0,84.0,39.3,24.0,0
458848,male,71,193.0,94.0,2.0,77.0,38.2,8.0,0
196963,male,61,188.0,91.0,7.0,91.0,39.4,40.0,0
745945,male,56,194.0,95.0,9.0,90.0,39.8,47.0,0
35024,female,64,161.0,61.0,28.0,106.0,41.0,191.0,1
248363,female,29,159.0,60.0,15.0,86.0,40.0,61.0,0
149523,male,20,184.0,85.0,22.0,115.0,40.4,147.0,1
321794,female,25,161.0,60.0,15.0,97.0,40.2,76.0,1
59581,male,41,186.0,88.0,21.0,107.0,40.6,142.0,1
613455,male,36,189.0,93.0,7.0,89.0,39.5,28.0,0
42717,male,27,187.0,86.0,20.0,93.0,40.7,82.0,1
162205,female,20,168.0,63.0,19.0,103.0,40.5,107.0,1
156052,male,34,194.0,97.0,18.0,97.0,40.5,92.0,1
346391,male,20,186.0,80.0,9.0,93.0,39.7,35.0,0
249136,male,31,186.0,81.0,20.0,101.0,40.5,105.0,1
83037,male,48,177.0,80.0,5.0,93.0,39.1,24.0,0
554034,male,24,180.0,77.0,29.0,103.0,40.7,152.0,1
363733,female,32,159.0,61.0,17.0,97.0,40.5,88.0,1
187191,female,24,165.0,61.0,17.0,98.0,40.5,86.0,1
595127,female,20,173.0,68.0,19.0,97.0,40.5,91.0,1
687233,male,48,196.0,101.0,11.0,90.0,40.1,52.0,0
472167,female,59,168.0,66.0,24.0,107.0,40.9,160.0,1
214009,female,27,171.0,67.0,24.0,104.0,40.5,142.0,1
586255,female,21,162.0,55.0,24.0,102.0,40.6,136.0,1
605130,male,29,181.0,87.0,21.0,95.0,40.7,99.0,1
285503,female,21,167.0,63.0,25.0,102.0,40.7,138.0,1
735361,female,44,176.0,73.0,28.0,99.0,40.9,161.0,1
153300,male,50,191.0,101.0,2.0,81.0,38.3,7.0,0
147665,male,45,183.0,89.0,6.0,85.0,39.4,23.0,0
383994,female,75,161.0,61.0,18.0,93.0,40.6,103.0,1
718816,female,29,153.0,52.0,16.0,96.0,40.3,78.0,1
275961,male,23,182.0,85.0,21.0,103.0,40.5,111.0,1
669039,female,45,161.0,57.0,9.0,92.0,39.1,44.0,0
230733,male,32,179.0,77.0,9.0,95.0,39.7,39.0,0
443777,male,27,203.0,103.0,18.0,98.0,40.1,91.0,1
374907,male,37,188.0,93.0,11.0,90.0,39.8,48.0,0
176503,male,41,193.0,89.0,4.0,86.0,38.5,16.0,0
241314,female,21,173.0,73.0,28.0,103.0,41.2,151.0,1
116073,female,21,162.0,64.0,7.0,90.0,39.4,29.0,0
324789,male,41,166.0,69.0,3.0,84.0,38.5,10.0,0
408994,male,27,179.0,74.0,17.0,90.0,40.3,56.0,0
331646,female,45,152.0,54.0,17.0,101.0,40.5,102.0,1
508074,female,50,169.0,69.0,14.0,85.0,40.1,59.0,0
52467,female,64,157.0,57.0,16.0,96.0,40.4,90.0,1
577487,female,25,159.0,57.0,15.0,89.0,39.9,63.0,0
518364,male,22,199.0,101.0,15.0,96.0,40.5,68.0,0
522322,male,33,189.0,91.0,11.0,98.0,39.9,59.0,0
649234,female,22,163.0,60.0,18.0,99.0,40.4,94.0,1
616069,female,71,159.0,64.0,11.0,93.0,39.9,60.0,0
457960,male,28,190.0,92.0,12.0,87.0,40.1,40.0,0
710584,female,40,158.0,60.0,12.0,99.0,40.1,65.0,0
668671,male,51,183.0,87.0,2.0,81.0,38.0,7.0,0
457841,male,48,186.0,84.0,7.0,94.0,39.5,37.0,0
617663,female,64,171.0,68.0,15.0,91.0,40.0,78.0,0
479462,male,55,198.0,96.0,15.0,97.0,40.4,88.0,1
426651,male,54,185.0,94.0,18.0,99.0,39.9,110.0,1
524846,male,30,188.0,88.0,12.0,96.0,40.0,53.0,0
330699,female,21,169.0,70.0,3.0,76.0,38.0,8.0,0
517981,male,56,181.0,77.0,17.0,89.0,40.7,77.0,1
608960,female,38,173.0,71.0,29.0,115.0,40.8,206.0,1
159678,female,72,183.0,76.0,23.0,109.0,40.6,155.0,1
533388,male,38,175.0,74.0,24.0,103.0,40.6,142.0,1
335851,male,45,181.0,79.0,10.0,92.0,39.9,44.0,0
32448,male,38,163.0,62.0,19.0,87.0,40.7,74.0,1
33716,male,58,194.0,99.0,16.0,94.0,40.3,96.0,1
549112,female,44,169.0,69.0,22.0,100.0,40.6,123.0,1
535238,male,45,171.0,74.0,26.0,118.0,40.8,238.0,1
199301,male,28,176.0,76.0,30.0,107.0,41.2,173.0,1
520118,male,63,186.0,88.0,14.0,92.0,40.1,76.0,0
271332,female,39,158.0,54.0,8.0,84.0,39.7,33.0,0
629616,female,50,177.0,81.0,5.0,85.0,39.1,21.0,0
598354,male,34,171.0,65.0,26.0,115.0,40.7,199.0,1
252639,male,35,179.0,78.0,8.0,84.0,39.4,22.0,0
121979,female,35,179.0,75.0,22.0,110.0,40.9,141.0,1
357852,female,41,151.0,52.0,27.0,103.0,40.9,165.0,1
170168,male,26,182.0,83.0,19.0,96.0,40.5,87.0,1
115618,female,45,173.0,71.0,19.0,97.0,40.8,101.0,1
170167,female,74,159.0,59.0,5.0,85.0,39.4,22.0,0
458151,male,40,196.0,104.0,19.0,92.0,40.3,90.0,1
338219,male,41,178.0,77.0,5.0,87.0,39.3,18.0,0
525755,female,55,167.0,67.0,26.0,98.0,41.0,172.0,1
118225,female,30,174.0,70.0,29.0,113.0,40.6,197.0,1
551604,male,40,195.0,92.0,27.0,105.0,40.8,167.0,1
51867,female,50,161.0,65.0,14.0,94.0,40.3,71.0,0
99349,male,20,181.0,79.0,11.0,89.0,40.2,32.0,0
555957,male,22,184.0,90.0,24.0,103.0,40.9,131.0,1
2684,male,35,179.0,77.0,28.0,108.0,41.2,180.0,1
296608,male,42,179.0,74.0,10.0,93.0,39.7,44.0,0
536518,male,42,183.0,82.0,4.0,84.0,39.0,12.0,0
196227,male,63,195.0,98.0,27.0,109.0,40.8,232.0,1
437397,male,20,170.0,72.0,8.0,88.0,39.7,24.0,0
238523,female,39,158.0,60.0,26.0,106.0,41.0,165.0,1
110128,female,38,178.0,75.0,30.0,108.0,41.1,191.0,1
632482,male,37,196.0,91.0,6.0,85.0,39.4,22.0,0
405265,male,54,169.0,75.0,26.0,104.0,40.4,175.0,1
431471,female,67,163.0,61.0,12.0,95.0,40.1,69.0,0
310978,male,37,194.0,91.0,12.0,95.0,40.0,61.0,0
147618,male,41,194.0,95.0,16.0,101.0,40.4,98.0,1
477819,female,68,173.0,70.0,1.0,87.0,37.7,4.0,0
722796,female,49,149.0,53.0,27.0,105.0,40.9,174.0,1
161409,female,60,151.0,51.0,8.0,87.0,39.7,37.0,0
571269,female,35,172.0,71.0,9.0,77.0,39.9,27.0,0
547997,male,26,184.0,81.0,1.0,78.0,37.9,2.0,0
242538,female,69,174.0,71.0,9.0,81.0,39.6,36.0,0
631964,male,32,194.0,98.0,27.0,104.0,40.9,169.0,1
8430,female,50,156.0,61.0,28.0,105.0,40.9,182.0,1
697399,male,21,194.0,91.0,16.0,98.0,40.6,79.0,1
549502,male,28,189.0,90.0,2.0,85.0,38.1,5.0,0
726612,male,34,191.0,92.0,21.0,98.0,40.6,112.0,1
71600,female,38,170.0,68.0,2.0,87.0,38.0,8.0,0
42054,male,45,193.0,91.0,9.0,86.0,39.8,37.0,0
278337,male,28,186.0,85.0,1.0,93.0,38.1,4.0,0
520003,male,25,176.0,79.0,24.0,104.0,40.8,131.0,1
601496,female,41,172.0,64.0,6.0,88.0,39.6,26.0,0
244525,male,49,181.0,81.0,22.0,102.0,40.5,143.0,1
140241,female,23,172.0,70.0,16.0,89.0,40.4,64.0,0
229177,female,59,169.0,67.0,3.0,85.0,38.6,13.0,0
108240,male,21,183.0,91.0,3.0,91.0,39.0,9.0,0
410122,female,23,152.0,53.0,25.0,105.0,40.7,149.0,1
586736,female,58,167.0,63.0,24.0,104.0,40.5,153.0,1
255272,male,22,191.0,87.0,9.0,90.0,39.7,32.0,0
379586,female,29,156.0,56.0,21.0,105.0,40.6,127.0,1
57177,male,29,182.0,86.0,6.0,91.0,39.4,22.0,0
652897,male,54,197.0,104.0,27.0,108.0,40.7,220.0,1
522967,female,55,189.0,86.0,23.0,111.0,40.4,155.0,1
468452,male,63,191.0,92.0,10.0,87.0,39.8,48.0,0
741715,female,25,183.0,75.0,12.0,94.0,39.9,44.0,0
131928,male,69,181.0,87.0,18.0,93.0,40.8,106.0,1
134574,female,53,164.0,62.0,14.0,109.0,39.9,99.0,1
240502,female,48,171.0,68.0,21.0,100.0,40.8,120.0,1
424147,male,33,184.0,90.0,16.0,102.0,40.1,97.0,1
186651,female,34,182.0,76.0,5.0,87.0,39.1,20.0,0
74025,male,24,188.0,86.0,26.0,107.0,40.8,159.0,1
240992,female,27,172.0,69.0,18.0,97.0,40.1,88.0,1
480571,female,45,174.0,69.0,23.0,111.0,40.7,159.0,1
731262,male,24,185.0,82.0,19.0,98.0,40.3,83.0,1
473609,female,27,164.0,59.0,6.0,85.0,39.3,23.0,0
134762,female,40,152.0,51.0,29.0,114.0,40.8,209.0,1
180721,female,54,183.0,77.0,11.0,91.0,40.4,54.0,0
736304,female,34,164.0,64.0,3.0,84.0,38.9,11.0,0
654888,female,44,149.0,53.0,28.0,108.0,41.2,189.0,1
115501,female,22,172.0,70.0,17.0,98.0,40.8,84.0,1
649613,female,50,169.0,68.0,23.0,102.0,40.5,136.0,1
633785,male,26,168.0,70.0,5.0,82.0,39.7,13.0,0
146022,female,21,167.0,62.0,30.0,114.0,40.7,202.0,1
277245,female,35,174.0,75.0,22.0,105.0,40.5,131.0,1
29032,female,21,157.0,50.0,25.0,105.0,40.7,149.0,1
592977,female,50,180.0,81.0,30.0,115.0,40.8,227.0,1
176114,female,65,161.0,64.0,27.0,110.0,40.8,198.0,1
507481,female,21,170.0,64.0,24.0,103.0,40.8,133.0,1
436328,male,48,169.0,71.0,5.0,84.0,39.2,17.0,0
610339,female,48,160.0,61.0,5.0,81.0,39.0,18.0,0
391590,male,46,190.0,95.0,17.0,94.0,40.6,89.0,1
40092,female,67,166.0,65.0,4.0,84.0,39.1,17.0,0
719060,female,37,170.0,66.0,17.0,100.0,40.2,97.0,1
146905,male,60,203.0,100.0,7.0,91.0,39.1,38.0,0
150875,female,54,167.0,67.0,21.0,104.0,40.7,133.0,1
346447,male,42,187.0,85.0,2.0,80.0,38.3,7.0,0
261704,female,45,171.0,72.0,20.0,96.0,40.4,103.0,1
459024,male,32,192.0,94.0,3.0,77.0,38.2,6.0,0
723850,female,54,182.0,74.0,18.0,96.0,40.7,98.0,1
307564,female,20,148.0,48.0,25.0,108.0,40.9,157.0,1
496789,male,75,193.0,98.0,28.0,113.0,40.5,259.0,1
681705,male,41,183.0,89.0,29.0,111.0,40.8,215.0,1
635007,female,40,158.0,62.0,9.0,90.0,39.7,41.0,0
181339,male,32,191.0,94.0,10.0,84.0,40.1,25.0,0
496972,female,38,175.0,61.0,3.0,91.0,38.8,13.0,0
388063,male,62,174.0,83.0,21.0,105.0,40.7,151.0,1
240723,male,49,187.0,85.0,5.0,79.0,39.1,16.0,0
185422,male,64,161.0,61.0,13.0,95.0,40.3,74.0,0
746540,female,37,154.0,52.0,21.0,99.0,40.6,117.0,1
29547,female,25,152.0,52.0,9.0,79.0,39.7,29.0,0
588606,female,53,159.0,57.0,27.0,103.0,41.0,176.0,1
133265,male,66,184.0,81.0,7.0,85.0,39.7,35.0,0
363176,male,51,189.0,91.0,23.0,99.0,40.5,145.0,1
731187,female,39,171.0,67.0,8.0,85.0,39.5,32.0,0
206349,female,25,154.0,56.0,10.0,92.0,39.8,48.0,0
320612,female,33,179.0,69.0,23.0,104.0,40.5,137.0,1
228436,male,26,187.0,79.0,29.0,111.0,40.5,190.0,1
390433,female,51,164.0,61.0,3.0,81.0,38.3,10.0,0
602322,female,62,170.0,67.0,6.0,80.0,39.4,24.0,0
348739,female,28,160.0,59.0,6.0,81.0,39.2,21.0,0
237451,female,39,166.0,63.0,9.0,85.0,39.7,36.0,0
709177,male,75,184.0,90.0,21.0,99.0,40.7,156.0,1
344353,female,23,171.0,66.0,17.0,97.0,40.5,79.0,1
677987,female,70,161.0,62.0,13.0,91.0,40.0,67.0,0
98526,female,26,163.0,58.0,7.0,81.0,39.5,22.0,0
545179,male,30,199.0,98.0,11.0,102.0,40.4,65.0,0
208359,male,70,184.0,85.0,4.0,79.0,38.9,17.0,0
375369,female,33,156.0,54.0,28.0,101.0,40.7,160.0,1
153336,male,45,174.0,75.0,22.0,105.0,40.6,140.0,1
617439,male,27,196.0,91.0,27.0,106.0,40.7,160.0,1
37660,male,31,201.0,101.0,18.0,89.0,40.6,71.0,0
187964,female,28,169.0,62.0,3.0,89.0,38.9,15.0,0
737305,female,44,161.0,63.0,12.0,90.0,39.9,57.0,0
422952,female,48,164.0,63.0,22.0,107.0,40.7,145.0,1
406030,female,52,162.0,58.0,27.0,110.0,40.6,188.0,1
548193,male,35,187.0,91.0,21.0,98.0,40.6,112.0,1
385186,female,22,174.0,67.0,26.0,101.0,40.2,137.0,1
422973,male,24,185.0,82.0,23.0,103.0,40.4,121.0,1
663240,male,75,166.0,76.0,9.0,103.0,39.6,87.0,0
101873,male,24,197.0,96.0,2.0,83.0,37.8,5.0,0
748349,male,51,168.0,73.0,22.0,103.0,40.8,147.0,1
642161,female,24,160.0,61.0,17.0,100.0,40.7,95.0,1
391250,female,58,163.0,59.0,18.0,95.0,40.4,97.0,1
661786,male,45,191.0,93.0,11.0,99.0,40.5,65.0,0
452182,male,35,183.0,84.0,27.0,109.0,40.7,179.0,1
534141,female,44,158.0,58.0,28.0,107.0,40.5,187.0,1
113950,female,25,168.0,65.0,24.0,98.0,41.1,123.0,1
212377,male,68,196.0,98.0,24.0,107.0,40.6,199.0,1
425156,male,31,184.0,79.0,7.0,80.0,39.6,18.0,0
6998,male,38,195.0,98.0,3.0,81.0,38.4,5.0,0
659970,female,62,176.0,76.0,13.0,87.0,40.1,62.0,0
171031,female,47,166.0,60.0,18.0,98.0,40.7,99.0,1
403754,female,52,160.0,57.0,5.0,83.0,39.2,21.0,0
691795,female,36,170.0,69.0,7.0,83.0,39.5,25.0,0
227053,female,68,156.0,61.0,15.0,77.0,40.1,59.0,0
10295,female,32,161.0,64.0,15.0,91.0,40.3,68.0,0
525043,female,29,161.0,63.0,13.0,93.0,40.3,60.0,0
204175,male,63,154.0,65.0,9.0,88.0,39.7,38.0,0
193377,male,22,185.0,94.0,22.0,99.0,40.7,109.0,1
138719,female,25,165.0,65.0,22.0,95.0,40.4,113.0,1
147925,male,55,177.0,82.0,22.0,94.0,40.6,118.0,1
155101,male,40,169.0,74.0,10.0,88.0,40.1,36.0,0
116929,male,68,196.0,93.0,13.0,93.0,40.1,72.0,0
139514,female,71,162.0,62.0,12.0,97.0,40.0,70.0,0
270998,male,51,204.0,103.0,24.0,106.0,40.9,183.0,1
414680,male,32,191.0,89.0,17.0,100.0,40.2,90.0,1
643236,male,20,182.0,83.0,13.0,102.0,40.3,62.0,1
85631,male,20,194.0,93.0,15.0,96.0,40.0,66.0,0
737886,male,37,185.0,86.0,13.0,96.0,40.0,65.0,0
670451,male,20,177.0,80.0,18.0,93.0,40.6,72.0,1
351074,male,34,187.0,90.0,21.0,91.0,40.3,83.0,1
360856,female,50,161.0,64.0,10.0,90.0,39.7,47.0,0
290591,female,47,169.0,63.0,23.0,93.0,40.6,116.0,1
36726,female,36,171.0,71.0,24.0,103.0,40.6,137.0,1
698147,female,55,160.0,59.0,26.0,110.0,40.8,182.0,1
469721,female,76,167.0,72.0,8.0,90.0,39.6,47.0,0
230304,female,32,173.0,64.0,16.0,91.0,40.3,70.0,0
733062,male,37,190.0,91.0,12.0,93.0,39.7,55.0,0
697341,female,43,156.0,57.0,27.0,110.0,40.7,189.0,1
458175,male,61,199.0,104.0,14.0,96.0,40.5,90.0,1
56366,female,53,148.0,53.0,2.0,81.0,38.0,8.0,0
566779,female,21,161.0,55.0,11.0,90.0,40.0,46.0,0
190860,male,41,191.0,89.0,2.0,88.0,38.2,7.0,0
200274,male,60,176.0,78.0,2.0,86.0,38.6,8.0,0
98143,male,73,176.0,83.0,8.0,89.0,39.7,45.0,0
354296,female,21,174.0,70.0,25.0,99.0,40.5,123.0,1
705823,male,31,188.0,87.0,10.0,105.0,39.8,59.0,0
694317,female,24,165.0,60.0,19.0,102.0,40.5,106.0,1
228469,female,69,166.0,64.0,17.0,97.0,40.3,96.0,1
122375,male,52,182.0,82.0,4.0,82.0,38.6,14.0,0
125084,female,59,175.0,74.0,14.0,99.0,40.0,79.0,1
675605,male,64,193.0,102.0,18.0,91.0,40.3,103.0,1
225189,female,47,159.0,61.0,6.0,88.0,39.5,27.0,0
599481,male,44,177.0,80.0,19.0,113.0,40.7,142.0,1
249833,male,64,189.0,94.0,19.0,101.0,40.5,134.0,1
298096,male,63,184.0,89.0,5.0,82.0,38.9,20.0,0
50269,male,46,196.0,99.0,25.0,105.0,40.8,173.0,1
581608,female,34,161.0,61.0,27.0,113.0,40.8,186.0,1
177737,male,48,199.0,104.0,7.0,81.0,39.6,25.0,0
264182,female,20,173.0,68.0,3.0,82.0,38.8,11.0,0
563983,male,51,203.0,104.0,2.0,79.0,38.3,7.0,0
17620,female,38,161.0,63.0,12.0,100.0,40.3,66.0,1
637505,female,57,173.0,68.0,26.0,101.0,40.5,157.0,1
299539,male,49,175.0,76.0,21.0,101.0,40.6,134.0,1
574192,female,24,161.0,60.0,14.0,96.0,40.3,68.0,1
560882,female,37,175.0,76.0,22.0,105.0,40.4,134.0,1
276528,male,54,170.0,71.0,22.0,105.0,40.5,151.0,1
158788,female,27,161.0,64.0,21.0,100.0,40.6,113.0,1
704263,female,30,168.0,72.0,4.0,86.0,39.1,15.0,0
361608,female,33,170.0,64.0,20.0,99.0,40.6,107.0,1
410239,female,68,171.0,64.0,24.0,116.0,40.7,189.0,1
75955,female,31,154.0,55.0,3.0,82.0,38.8,11.0,0
601096,male,61,188.0,86.0,14.0,93.0,40.0,82.0,0
148136,male,49,178.0,75.0,23.0,108.0,40.6,160.0,1
469386,male,72,170.0,73.0,13.0,90.0,40.1,70.0,0
453509,female,32,164.0,61.0,13.0,99.0,40.3,70.0,1
308219,male,25,190.0,93.0,27.0,116.0,40.7,189.0,1
173837,male,41,195.0,100.0,11.0,88.0,40.0,49.0,0
406891,female,71,162.0,62.0,15.0,92.0,40.1,80.0,0
45211,female,27,152.0,54.0,25.0,104.0,40.8,148.0,1
122490,female,51,158.0,60.0,18.0,101.0,40.5,111.0,1
381143,female,29,157.0,54.0,13.0,97.0,40.1,68.0,0
202420,female,26,171.0,65.0,16.0,101.0,40.4,87.0,1
436569,male,23,181.0,85.0,16.0,101.0,40.4,78.0,1
725390,male,24,169.0,69.0,2.0,79.0,38.5,4.0,0
619915,female,33,168.0,67.0,12.0,92.0,40.4,57.0,0
163794,male,47,171.0,76.0,27.0,110.0,40.6,195.0,1
314359,female,47,149.0,56.0,1.0,73.0,37.8,2.0,0
243492,female,62,161.0,59.0,8.0,89.0,39.2,39.0,0
441022,male,61,190.0,93.0,24.0,104.0,40.7,181.0,1
511369,male,60,180.0,79.0,4.0,86.0,38.9,17.0,0
186008,female,73,162.0,67.0,13.0,91.0,40.2,67.0,0
638343,female,21,169.0,67.0,10.0,94.0,39.9,46.0,0
91554,female,26,160.0,56.0,19.0,99.0,40.3,101.0,1
161616,male,22,196.0,102.0,1.0,83.0,37.9,4.0,0
399905,female,54,182.0,82.0,23.0,107.0,40.8,147.0,1
584161,male,38,181.0,87.0,5.0,81.0,39.5,13.0,0
126991,male,30,163.0,65.0,2.0,76.0,38.0,5.0,0
571486,female,21,156.0,52.0,25.0,107.0,40.8,156.0,1
565287,male,31,192.0,95.0,6.0,88.0,39.1,22.0,0
268016,male,41,186.0,86.0,20.0,97.0,40.6,110.0,1
645147,male,34,187.0,94.0,18.0,103.0,40.7,110.0,1
238560,male,58,194.0,98.0,22.0,100.0,40.5,129.0,1
269796,female,45,174.0,70.0,16.0,101.0,40.4,90.0,1
166144,male,26,180.0,80.0,12.0,104.0,40.0,66.0,1
631086,male,64,183.0,88.0,9.0,85.0,39.9,42.0,0
365785,female,44,159.0,62.0,19.0,101.0,40.6,111.0,1
158664,male,24,194.0,83.0,27.0,109.0,40.7,169.0,1
21460,female,62,175.0,72.0,6.0,82.0,39.6,24.0,0
278308,male,32,189.0,94.0,10.0,89.0,39.7,35.0,0
626410,female,64,166.0,66.0,26.0,112.0,40.3,190.0,1
297780,male,36,183.0,83.0,6.0,87.0,39.3,22.0,0
729292,female,56,155.0,56.0,4.0,78.0,38.7,14.0,0
4615,male,40,187.0,89.0,28.0,107.0,40.8,195.0,1
334299,male,45,177.0,81.0,9.0,82.0,39.8,27.0,0
245294,male,48,185.0,90.0,11.0,90.0,39.5,52.0,0
699014,male,26,184.0,85.0,19.0,97.0,40.6,88.0,1
688975,male,20,172.0,75.0,15.0,95.0,40.3,53.0,0
9448,male,44,171.0,70.0,4.0,82.0,39.1,12.0,0
54282,male,23,195.0,97.0,22.0,103.0,40.8,123.0,1
593030,male,26,174.0,71.0,24.0,104.0,40.8,129.0,1
583567,female,25,181.0,73.0,25.0,100.0,40.5,130.0,1
456145,female,32,161.0,61.0,25.0,113.0,40.9,174.0,1
6430,female,23,155.0,55.0,20.0,100.0,40.2,110.0,1
589720,female,39,165.0,69.0,15.0,93.0,40.3,74.0,0
363325,male,30,182.0,81.0,4.0,92.0,39.0,17.0,0
252507,male,43,179.0,79.0,4.0,83.0,38.9,13.0,0
376724,female,52,163.0,61.0,8.0,82.0,39.7,33.0,0
71576,male,27,192.0,93.0,8.0,98.0,39.4,42.0,0
558142,male,73,201.0,105.0,28.0,102.0,40.9,221.0,1
77948,male,34,193.0,96.0,26.0,117.0,41.0,213.0,1
497135,female,38,171.0,67.0,14.0,87.0,40.2,62.0,0
330621,female,38,163.0,62.0,20.0,97.0,40.7,106.0,1
600320,male,51,174.0,69.0,25.0,109.0,40.4,181.0,1
569594,male,43,182.0,85.0,19.0,98.0,40.4,104.0,1
413680,female,25,156.0,56.0,27.0,105.0,40.8,160.0,1
166151,female,30,160.0,58.0,11.0,91.0,39.8,51.0,0
51987,male,45,188.0,86.0,4.0,85.0,39.1,15.0,0
76238,male,21,183.0,79.0,13.0,101.0,40.1,59.0,0
251589,male,21,173.0,75.0,20.0,107.0,40.1,107.0,1
174214,male,28,187.0,88.0,4.0,88.0,39.3,12.0,0
111664,female,35,177.0,77.0,20.0,101.0,40.6,110.0,1
589149,male,39,183.0,81.0,5.0,95.0,39.0,25.0,0
708974,female,72,172.0,76.0,18.0,96.0,40.5,105.0,1
587923,male,59,181.0,88.0,23.0,102.0,40.5,162.0,1
106268,female,26,175.0,72.0,18.0,105.0,40.1,125.0,1
306200,female,27,170.0,70.0,9.0,83.0,39.6,31.0,0
348009,female,56,168.0,69.0,8.0,87.0,39.7,37.0,0
105045,female,30,154.0,57.0,27.0,113.0,40.8,187.0,1
318089,male,69,190.0,93.0,29.0,109.0,41.2,245.0,1
743550,female,21,180.0,70.0,22.0,100.0,40.6,114.0,1
513557,male,26,175.0,75.0,8.0,89.0,39.5,26.0,0
181400,male,33,180.0,81.0,15.0,89.0,40.3,54.0,0
604297,male,40,192.0,94.0,22.0,108.0,40.5,153.0,1
75067,male,41,201.0,103.0,14.0,94.0,40.3,71.0,0
717751,female,34,157.0,59.0,2.0,81.0,38.3,7.0,0
281607,female,37,179.0,75.0,26.0,111.0,40.8,172.0,1
205139,female,27,161.0,55.0,26.0,108.0,40.7,164.0,1
587449,male,45,186.0,85.0,6.0,80.0,39.3,18.0,0
395599,male,60,178.0,81.0,7.0,86.0,39.4,30.0,0
516455,male,37,193.0,103.0,21.0,102.0,40.5,127.0,1
16236,male,26,194.0,89.0,25.0,106.0,40.9,150.0,1
48449,female,22,173.0,68.0,26.0,103.0,41.0,145.0,1
513242,male,45,181.0,89.0,15.0,94.0,40.8,76.0,1
283717,male,50,177.0,85.0,26.0,102.0,40.8,169.0,1
745751,male,40,182.0,83.0,17.0,96.0,40.4,90.0,1
78859,male,58,183.0,83.0,23.0,103.0,40.7,162.0,1
226915,female,26,154.0,57.0,5.0,84.0,39.1,19.0,0
118417,male,29,179.0,82.0,3.0,82.0,38.8,7.0,0
14269,male,40,184.0,85.0,22.0,105.0,40.5,142.0,1
170051,male,42,184.0,88.0,8.0,82.0,39.4,24.0,0
173397,male,24,186.0,89.0,11.0,91.0,39.8,40.0,0
644853,male,55,205.0,85.0,25.0,108.0,40.5,193.0,1
292999,female,36,166.0,63.0,9.0,93.0,39.7,43.0,0
659317,female,40,154.0,60.0,16.0,98.0,40.3,90.0,1
390089,male,54,175.0,77.0,28.0,100.0,40.8,171.0,1
278077,male,54,178.0,81.0,8.0,87.0,39.7,35.0,0
434155,male,25,174.0,77.0,22.0,109.0,40.5,134.0,1
599942,male,20,187.0,91.0,19.0,96.0,40.3,76.0,1
374210,female,61,168.0,62.0,30.0,109.0,40.9,212.0,1
573911,male,25,187.0,90.0,11.0,85.0,39.7,30.0,0
338631,female,63,158.0,61.0,19.0,93.0,40.5,102.0,1
488132,male,69,202.0,102.0,2.0,81.0,38.6,9.0,0
370558,male,46,179.0,77.0,17.0,95.0,40.5,88.0,1
191932,male,66,171.0,78.0,6.0,83.0,38.7,25.0,0
142972,female,20,165.0,60.0,13.0,94.0,40.1,62.0,0
671146,female,28,154.0,56.0,28.0,109.0,40.8,182.0,1
626704,female,34,169.0,71.0,3.0,83.0,38.8,11.0,0
207756,female,37,159.0,64.0,4.0,85.0,38.9,16.0,0
462705,male,44,189.0,85.0,18.0,97.0,40.4,96.0,1
582114,male,27,189.0,92.0,20.0,103.0,40.7,114.0,1
473683,female,64,177.0,70.0,20.0,105.0,40.4,129.0,1
298436,male,70,176.0,79.0,23.0,101.0,40.7,166.0,1
31830,female,73,167.0,70.0,18.0,103.0,40.6,115.0,1
329915,female,28,168.0,63.0,10.0,91.0,39.9,42.0,0
335803,female,32,159.0,58.0,14.0,93.0,40.0,65.0,0
564847,male,29,189.0,89.0,2.0,91.0,38.4,5.0,0
60984,male,26,187.0,93.0,5.0,83.0,39.1,14.0,0
331477,female,44,182.0,80.0,11.0,91.0,39.5,49.0,0
23805,female,55,172.0,67.0,19.0,90.0,40.3,91.0,1
289177,female,32,181.0,76.0,1.0,87.0,37.8,4.0,0
579543,male,20,173.0,68.0,4.0,84.0,38.9,6.0,0
50329,male,27,183.0,87.0,20.0,101.0,40.5,108.0,1
616354,female,59,170.0,71.0,12.0,88.0,40.4,57.0,0
317776,male,54,182.0,86.0,28.0,110.0,40.9,221.0,1
214844,female,34,157.0,57.0,1.0,80.0,38.0,3.0,0
710168,male,29,175.0,74.0,18.0,101.0,40.3,94.0,1
346092,female,25,161.0,58.0,29.0,103.0,41.1,166.0,1
188749,female,40,154.0,59.0,13.0,89.0,40.1,58.0,0
697019,male,21,187.0,92.0,18.0,104.0,40.0,100.0,1
522975,male,29,193.0,95.0,18.0,92.0,40.6,75.0,1
543453,male,46,188.0,89.0,16.0,101.0,40.0,100.0,1
445208,male,32,168.0,69.0,17.0,99.0,40.3,85.0,1
227843,male,51,183.0,87.0,24.0,106.0,40.6,173.0,1
284617,female,24,162.0,59.0,20.0,104.0,40.5,116.0,1
159660,male,33,187.0,83.0,21.0,97.0,40.7,101.0,1
352819,male,61,201.0,101.0,22.0,97.0,41.0,145.0,1
89372,female,71,151.0,58.0,4.0,79.0,38.9,17.0,0
336623,male,37,181.0,91.0,4.0,88.0,39.0,15.0,0
248713,male,59,168.0,70.0,6.0,83.0,39.2,24.0,0
702162,male,27,197.0,94.0,7.0,86.0,39.1,20.0,0
742882,male,38,191.0,99.0,13.0,101.0,40.0,71.0,0
510038,female,64,158.0,55.0,26.0,113.0,40.7,196.0,1
314213,female,39,172.0,72.0,4.0,82.0,38.6,14.0,0
702325,female,64,170.0,68.0,1.0,83.0,37.5,4.0,0
654831,male,31,196.0,98.0,27.0,110.0,40.9,194.0,1
645421,male,51,194.0,91.0,3.0,81.0,38.3,8.0,0
175827,male,36,176.0,82.0,23.0,101.0,40.8,126.0,1
317358,female,21,156.0,54.0,28.0,110.0,40.7,182.0,1
225077,male,37,193.0,89.0,10.0,93.0,39.6,46.0,0
45390,female,74,164.0,58.0,10.0,93.0,39.9,55.0,0
286932,female,27,156.0,56.0,18.0,96.0,40.4,94.0,1
515483,male,53,178.0,81.0,28.0,111.0,40.8,213.0,1
521939,male,26,186.0,88.0,7.0,86.0,39.4,22.0,0
105095,female,26,151.0,51.0,22.0,96.0,40.7,113.0,1
563167,male,48,169.0,75.0,7.0,91.0,39.4,32.0,0
109949,male,65,169.0,76.0,21.0,105.0,40.6,144.0,1
438352,female,36,170.0,69.0,21.0,104.0,40.7,126.0,1
58540,male,59,170.0,77.0,16.0,99.0,40.3,98.0,1
507428,male,25,191.0,87.0,4.0,85.0,39.0,8.0,0
526675,female,25,165.0,62.0,22.0,100.0,40.7,118.0,1
114280,female,39,163.0,61.0,15.0,93.0,39.6,74.0,0
291415,female,26,162.0,56.0,12.0,95.0,39.9,60.0,0
451403,male,63,174.0,73.0,5.0,71.0,39.6,11.0,0
304343,male,32,197.0,94.0,24.0,106.0,40.6,154.0,1
82850,female,21,158.0,59.0,13.0,94.0,40.0,63.0,0
364767,female,67,174.0,67.0,9.0,86.0,39.7,40.0,0
336206,female,23,182.0,77.0,22.0,103.0,40.5,117.0,1
228340,female,61,161.0,67.0,27.0,102.0,40.8,166.0,1
205580,male,32,188.0,88.0,5.0,82.0,39.2,14.0,0
348033,female,47,169.0,68.0,9.0,86.0,39.8,37.0,0
257430,female,21,162.0,58.0,23.0,104.0,40.6,134.0,1
608487,male,29,199.0,99.0,9.0,88.0,39.7,33.0,0
193787,male,79,161.0,64.0,26.0,105.0,40.6,193.0,1
600818,male,29,184.0,83.0,14.0,101.0,40.2,70.0,1
746478,female,73,162.0,59.0,19.0,97.0,40.4,111.0,1
198372,female,68,169.0,72.0,6.0,85.0,39.4,27.0,0
294995,male,29,187.0,92.0,9.0,95.0,39.6,42.0,0
377828,female,52,165.0,68.0,11.0,98.0,40.2,62.0,0
221295,female,20,169.0,66.0,2.0,77.0,37.9,6.0,0
456124,male,26,179.0,79.0,28.0,113.0,40.9,189.0,1
148113,male,28,187.0,80.0,27.0,108.0,40.7,168.0,1
671033,female,33,159.0,56.0,22.0,108.0,40.7,141.0,1
663999,female,64,174.0,69.0,17.0,93.0,40.4,90.0,1
142899,female,22,151.0,48.0,6.0,78.0,39.3,15.0,0
334623,male,79,185.0,93.0,10.0,92.0,39.8,64.0,0
684981,male,48,179.0,86.0,15.0,98.0,40.3,91.0,1
696986,male,41,189.0,95.0,15.0,102.0,40.3,91.0,1
217728,male,55,170.0,73.0,8.0,91.0,39.5,38.0,0
587578,female,46,161.0,59.0,1.0,77.0,37.7,3.0,0
395186,male,28,195.0,98.0,4.0,81.0,38.8,11.0,0
190721,female,32,159.0,60.0,22.0,99.0,40.6,122.0,1
177944,male,50,184.0,88.0,6.0,89.0,39.3,27.0,0
135354,male,20,181.0,79.0,8.0,88.0,39.4,22.0,0
721723,female,41,170.0,64.0,23.0,106.0,40.4,144.0,1
671341,female,27,182.0,76.0,8.0,89.0,39.4,33.0,0
251467,female,32,164.0,63.0,1.0,91.0,37.8,5.0,0
110641,female,74,162.0,61.0,14.0,101.0,40.4,87.0,1
449066,female,43,174.0,74.0,3.0,84.0,38.0,11.0,0
418237,female,39,163.0,64.0,19.0,100.0,40.7,107.0,1
553258,male,26,178.0,77.0,15.0,81.0,40.0,37.0,0
325672,male,24,179.0,74.0,2.0,89.0,38.1,6.0,0
581405,male,54,185.0,89.0,26.0,91.0,40.5,134.0,1
373611,female,50,164.0,71.0,3.0,80.0,38.6,11.0,0
722401,male,61,196.0,102.0,26.0,102.0,40.9,191.0,1
409828,female,75,152.0,54.0,23.0,102.0,41.0,152.0,1
127668,male,45,194.0,102.0,16.0,92.0,40.2,74.0,0
557304,female,79,150.0,58.0,24.0,97.0,40.7,143.0,1
700190,female,21,178.0,74.0,17.0,97.0,40.3,82.0,1
705564,female,21,155.0,55.0,21.0,102.0,40.6,116.0,1
161197,male,21,205.0,100.0,9.0,87.0,39.6,28.0,0
742231,female,53,191.0,91.0,9.0,82.0,39.7,35.0,0
130277,female,51,168.0,64.0,1.0,77.0,37.4,3.0,0
135850,female,79,166.0,65.0,3.0,85.0,38.8,14.0,0
238278,female,51,169.0,63.0,3.0,81.0,38.7,11.0,0
86546,female,40,151.0,54.0,26.0,106.0,40.7,168.0,1
388180,female,26,159.0,61.0,7.0,82.0,39.2,25.0,0
138879,female,20,148.0,48.0,29.0,101.0,40.9,167.0,1
316914,male,43,183.0,87.0,28.0,112.0,40.9,223.0,1
227132,male,39,195.0,99.0,21.0,100.0,40.7,122.0,1
343590,female,31,167.0,61.0,20.0,100.0,40.7,114.0,1
678657,male,44,181.0,84.0,11.0,88.0,40.5,44.0,0
9552,female,42,168.0,63.0,22.0,105.0,40.7,137.0,1
282122,female,46,166.0,66.0,19.0,103.0,40.6,115.0,1
538414,male,21,183.0,80.0,30.0,111.0,40.7,194.0,1
72261,male,33,186.0,90.0,18.0,100.0,40.5,98.0,1
129071,male,34,169.0,73.0,25.0,109.0,40.8,164.0,1
165279,female,53,151.0,52.0,28.0,112.0,40.9,206.0,1
377019,female,29,167.0,67.0,23.0,99.0,40.7,123.0,1
350978,female,28,161.0,57.0,17.0,99.0,40.2,90.0,1
90193,female,41,172.0,68.0,13.0,97.0,40.0,68.0,0
447405,male,54,187.0,91.0,3.0,89.0,38.7,14.0,0
740565,male,75,176.0,83.0,24.0,102.0,40.6,200.0,1
482711,female,35,158.0,60.0,11.0,90.0,40.0,50.0,0
166662,male,43,186.0,88.0,9.0,83.0,39.6,28.0,0
381444,male,30,173.0,81.0,26.0,98.0,40.7,119.0,1
740426,female,54,162.0,59.0,16.0,93.0,40.3,82.0,1
191936,female,54,170.0,73.0,29.0,117.0,41.1,221.0,1
392807,female,42,151.0,51.0,17.0,94.0,40.4,88.0,1
272392,female,79,163.0,65.0,10.0,95.0,39.8,58.0,0
483381,female,72,173.0,69.0,12.0,93.0,40.1,63.0,0
164861,male,22,194.0,91.0,28.0,109.0,41.0,177.0,1
200209,female,25,171.0,66.0,28.0,107.0,41.0,168.0,1
304717,male,34,186.0,88.0,6.0,84.0,39.0,20.0,0
465194,female,61,174.0,75.0,21.0,103.0,40.6,129.0,1
510818,male,20,189.0,98.0,16.0,93.0,40.3,65.0,0
603125,male,49,179.0,84.0,11.0,89.0,39.9,46.0,0
675513,female,60,166.0,66.0,23.0,104.0,40.8,148.0,1
322886,female,31,166.0,59.0,21.0,100.0,40.5,117.0,1
514363,female,38,149.0,52.0,6.0,78.0,39.8,18.0,0
204655,male,40,196.0,100.0,21.0,102.0,40.6,132.0,1
302074,male,34,183.0,88.0,15.0,92.0,40.5,64.0,0
326989,male,41,195.0,94.0,18.0,103.0,40.0,112.0,1
456864,male,33,196.0,94.0,7.0,87.0,39.4,26.0,0
360303,female,32,168.0,70.0,28.0,109.0,40.8,184.0,1
705705,female,21,170.0,68.0,15.0,101.0,39.8,86.0,1
729029,male,51,191.0,98.0,20.0,98.0,40.4,120.0,1
345950,female,59,169.0,66.0,16.0,89.0,40.3,74.0,0
502607,male,60,187.0,86.0,16.0,98.0,40.5,102.0,1
514877,female,40,153.0,55.0,14.0,87.0,40.4,59.0,0
715848,female,56,171.0,68.0,26.0,101.0,40.6,154.0,1
637944,female,64,167.0,66.0,15.0,100.0,40.3,94.0,1
398457,male,32,184.0,86.0,12.0,86.0,39.7,41.0,0
165491,male,39,187.0,91.0,19.0,95.0,40.6,91.0,1
534570,female,24,171.0,67.0,9.0,90.0,39.6,36.0,0
31495,male,22,191.0,93.0,18.0,97.0,40.2,80.0,1
65598,female,24,154.0,60.0,10.0,98.0,39.9,56.0,0
172813,female,22,171.0,67.0,18.0,97.0,40.5,93.0,1
193656,female,22,166.0,66.0,23.0,99.0,40.6,119.0,1
422722,female,26,159.0,59.0,27.0,102.0,40.7,155.0,1
243577,male,39,188.0,93.0,23.0,96.0,40.7,117.0,1
259330,male,61,186.0,91.0,21.0,101.0,40.7,140.0,1
428544,female,34,154.0,52.0,16.0,100.0,40.5,91.0,1
193208,female,25,157.0,59.0,1.0,84.0,37.9,4.0,0
391920,male,26,187.0,89.0,1.0,81.0,37.6,4.0,0
404125,female,32,175.0,69.0,22.0,105.0,40.7,127.0,1
106404,male,28,175.0,77.0,8.0,89.0,39.5,24.0,0
175113,female,43,156.0,57.0,17.0,99.0,40.3,97.0,1
522298,male,45,179.0,83.0,3.0,88.0,38.5,12.0,0
221392,male,54,192.0,94.0,16.0,90.0,40.6,80.0,0
125832,female,51,164.0,61.0,24.0,101.0,40.8,144.0,1
384594,female,61,172.0,72.0,21.0,105.0,40.4,134.0,1
442289,female,27,164.0,63.0,18.0,104.0,40.0,105.0,1
67164,female,43,159.0,61.0,20.0,94.0,40.6,100.0,1
517247,female,67,158.0,64.0,1.0,82.0,37.8,4.0,0
12583,female,21,161.0,58.0,25.0,108.0,40.5,155.0,1
3941,female,41,161.0,62.0,25.0,105.0,41.0,156.0,1
472752,male,60,171.0,72.0,17.0,97.0,40.6,98.0,1
358492,male,61,167.0,74.0,10.0,86.0,39.8,45.0,0
486756,male,41,182.0,84.0,26.0,110.0,40.9,190.0,1
288918,female,23,160.0,62.0,20.0,98.0,40.4,107.0,1
487822,female,52,173.0,74.0,10.0,96.0,39.7,52.0,0
282319,male,46,189.0,85.0,16.0,103.0,40.2,100.0,1
744350,male,32,179.0,76.0,16.0,97.0,40.1,78.0,1
533744,male,29,186.0,88.0,7.0,84.0,39.3,22.0,0
331369,male,34,189.0,92.0,4.0,86.0,38.9,12.0,0
149839,male,37,192.0,95.0,9.0,87.0,39.8,35.0,0
380136,male,21,192.0,100.0,9.0,78.0,39.8,17.0,0
20152,male,20,172.0,75.0,4.0,77.0,38.7,4.0,0
495332,female,62,166.0,71.0,15.0,96.0,40.2,83.0,1
529823,female,32,160.0,59.0,24.0,105.0,40.8,148.0,1
579742,male,30,174.0,77.0,18.0,103.0,40.4,99.0,1
210305,male,23,188.0,93.0,28.0,107.0,40.9,170.0,1
180483,female,61,166.0,62.0,26.0,105.0,40.7,172.0,1
171095,female,44,169.0,65.0,12.0,96.0,40.1,63.0,0
537076,female,34,157.0,56.0,5.0,85.0,38.8,21.0,0
674684,female,64,168.0,66.0,28.0,118.0,40.8,232.0,1
473129,female,39,159.0,57.0,16.0,95.0,40.5,82.0,1
717324,female,34,168.0,65.0,21.0,99.0,40.5,118.0,1
429824,male,62,199.0,101.0,10.0,95.0,40.1,62.0,0
261575,female,47,161.0,62.0,26.0,97.0,40.7,141.0,1
430630,male,24,166.0,72.0,17.0,102.0,40.3,77.0,1
657376,male,33,179.0,85.0,10.0,89.0,40.0,36.0,0
641085,male,44,192.0,91.0,10.0,88.0,39.7,43.0,0
107439,male,23,199.0,102.0,17.0,86.0,40.4,61.0,0
583349,female,34,159.0,61.0,9.0,91.0,39.7,42.0,0
97319,female,36,171.0,70.0,23.0,103.0,40.8,132.0,1
348485,female,21,163.0,56.0,2.0,86.0,38.0,9.0,0
504694,female,50,170.0,69.0,29.0,109.0,41.2,194.0,1
544946,male,21,179.0,83.0,6.0,83.0,39.3,9.0,0
124895,female,45,163.0,65.0,12.0,92.0,40.3,58.0,0
537007,male,56,198.0,103.0,21.0,96.0,40.9,131.0,1
313771,male,40,176.0,76.0,11.0,93.0,39.8,46.0,0
737216,female,29,171.0,66.0,28.0,106.0,40.9,172.0,1
55192,female,72,163.0,61.0,29.0,105.0,40.5,198.0,1
541043,male,56,188.0,92.0,27.0,107.0,41.0,211.0,1
357399,male,50,191.0,92.0,25.0,104.0,40.7,171.0,1
163200,female,52,151.0,51.0,5.0,86.0,39.0,25.0,0
64414,female,31,173.0,63.0,4.0,86.0,38.7,16.0,0
343108,male,34,176.0,79.0,26.0,106.0,40.6,161.0,1
507410,female,67,163.0,67.0,21.0,102.0,40.4,135.0,1
331084,female,42,177.0,82.0,27.0,103.0,40.8,155.0,1
212300,male,21,168.0,69.0,6.0,83.0,39.4,7.0,0
555842,female,59,171.0,64.0,11.0,99.0,39.7,63.0,0
691735,male,39,181.0,80.0,11.0,95.0,39.8,56.0,0
385292,male,31,176.0,77.0,7.0,87.0,39.0,21.0,0
47921,female,65,161.0,64.0,9.0,86.0,39.7,42.0,0
509985,female,42,164.0,66.0,20.0,99.0,40.4,111.0,1
268653,male,57,176.0,77.0,3.0,83.0,38.5,13.0,0
33736,female,61,160.0,62.0,13.0,86.0,40.4,58.0,0
194505,female,63,176.0,73.0,14.0,101.0,40.2,91.0,1
651752,male,33,186.0,86.0,25.0,107.0,40.7,160.0,1
374859,female,34,159.0,59.0,25.0,109.0,40.4,162.0,1
151713,female,23,164.0,61.0,28.0,107.0,40.9,168.0,1
480163,male,21,192.0,87.0,10.0,88.0,39.8,29.0,0
481525,female,21,175.0,70.0,16.0,90.0,40.3,69.0,0
662733,male,43,179.0,81.0,21.0,109.0,40.4,149.0,1
107736,male,43,179.0,80.0,6.0,89.0,39.4,25.0,0
41221,female,37,166.0,65.0,28.0,103.0,40.9,155.0,1
465444,male,20,177.0,74.0,24.0,99.0,40.5,84.0,1
21828,male,20,182.0,86.0,8.0,90.0,39.5,24.0,0
293056,male,59,175.0,76.0,16.0,102.0,40.3,95.0,1
123494,female,26,169.0,67.0,23.0,101.0,40.4,124.0,1
737186,male,24,187.0,93.0,2.0,88.0,38.3,6.0,0
568129,female,27,147.0,52.0,12.0,97.0,40.3,63.0,0
93388,male,60,174.0,80.0,26.0,102.0,40.8,181.0,1
383961,female,41,159.0,59.0,10.0,93.0,39.9,51.0,0
229305,male,60,179.0,85.0,9.0,95.0,39.5,52.0,0
635209,female,61,168.0,66.0,22.0,105.0,40.3,147.0,1
232719,male,43,181.0,81.0,7.0,88.0,39.3,26.0,0
412146,male,25,171.0,76.0,6.0,87.0,39.3,17.0,0
731485,male,40,181.0,84.0,5.0,86.0,39.0,17.0,0
283138,male,43,182.0,82.0,7.0,88.0,39.6,29.0,0
338647,female,20,177.0,71.0,22.0,112.0,40.4,143.0,1
286053,male,29,171.0,71.0,9.0,90.0,40.0,36.0,0
458389,female,23,153.0,54.0,17.0,99.0,40.2,92.0,1
477273,female,29,160.0,56.0,30.0,110.0,40.9,198.0,1
345528,male,67,186.0,84.0,8.0,88.0,39.9,39.0,0
590659,male,37,185.0,88.0,22.0,99.0,40.6,117.0,1
737494,male,40,194.0,94.0,5.0,88.0,39.0,21.0,0
52783,male,47,187.0,86.0,12.0,90.0,40.0,57.0,0
556938,female,40,161.0,64.0,24.0,111.0,40.7,167.0,1
633342,male,44,185.0,87.0,1.0,79.0,37.8,2.0,0
704499,male,65,192.0,93.0,30.0,108.0,41.1,242.0,1
584218,male,49,190.0,94.0,12.0,89.0,39.8,56.0,0
132296,female,22,159.0,58.0,27.0,109.0,40.8,167.0,1
143256,female,30,180.0,78.0,9.0,87.0,40.0,35.0,0
502404,male,34,169.0,71.0,18.0,95.0,40.7,87.0,1
228909,male,39,175.0,74.0,15.0,96.0,40.1,73.0,0
370730,male,21,187.0,92.0,27.0,104.0,40.7,150.0,1
596150,female,36,170.0,72.0,7.0,85.0,39.4,28.0,0
631916,male,33,185.0,84.0,4.0,82.0,38.1,9.0,0
437270,male,26,186.0,84.0,1.0,83.0,37.7,3.0,0
584959,male,21,194.0,88.0,15.0,95.0,40.1,61.0,0
259660,female,64,160.0,64.0,14.0,90.0,40.3,70.0,0
465917,female,44,159.0,63.0,6.0,80.0,39.2,22.0,0
372139,male,30,171.0,78.0,21.0,103.0,40.7,114.0,1
511610,female,52,168.0,66.0,16.0,105.0,40.2,102.0,1
312556,female,21,158.0,57.0,26.0,112.0,40.8,177.0,1
672134,male,31,178.0,81.0,5.0,84.0,39.1,14.0,0
645732,male,48,184.0,83.0,3.0,79.0,38.5,8.0,0
191996,male,47,173.0,79.0,23.0,107.0,40.6,163.0,1
160289,female,53,168.0,68.0,10.0,96.0,39.2,53.0,0
491351,male,26,157.0,58.0,13.0,91.0,40.3,51.0,0
655740,female,20,163.0,60.0,25.0,101.0,40.5,143.0,1
665190,female,34,164.0,64.0,22.0,95.0,40.9,110.0,1
49064,male,25,183.0,89.0,13.0,90.0,39.5,47.0,0
65329,female,52,162.0,61.0,19.0,98.0,40.5,107.0,1
567632,female,43,166.0,68.0,26.0,108.0,40.8,170.0,1
716865,male,48,184.0,89.0,6.0,93.0,39.5,29.0,0
506157,male,71,187.0,91.0,8.0,91.0,39.6,44.0,0
534434,male,25,191.0,94.0,2.0,82.0,38.6,5.0,0
441519,male,32,194.0,92.0,2.0,91.0,38.0,9.0,0
700231,male,23,191.0,89.0,11.0,97.0,40.1,50.0,0
412516,female,37,177.0,75.0,14.0,97.0,40.3,73.0,1
357148,female,43,164.0,62.0,4.0,86.0,38.9,18.0,0
445450,female,58,165.0,67.0,30.0,106.0,41.0,204.0,1
30804,female,65,177.0,78.0,28.0,105.0,41.0,183.0,1
571533,male,26,186.0,93.0,2.0,72.0,37.8,4.0,0
116934,female,32,160.0,55.0,10.0,86.0,39.9,40.0,0
626819,female,20,158.0,55.0,25.0,103.0,40.7,142.0,1
351504,male,60,195.0,101.0,29.0,112.0,40.9,261.0,1
347669,female,41,166.0,66.0,26.0,100.0,40.9,146.0,1
41832,male,32,187.0,85.0,19.0,96.0,40.7,89.0,1
227193,female,74,176.0,73.0,16.0,97.0,40.2,112.0,1
629898,female,29,157.0,53.0,5.0,87.0,39.1,21.0,0
575744,female,32,172.0,68.0,11.0,95.0,39.9,54.0,0
251678,female,31,169.0,68.0,10.0,93.0,39.6,44.0,0
231401,female,25,160.0,60.0,19.0,101.0,40.5,109.0,1
665330,female,62,161.0,65.0,14.0,96.0,40.4,77.0,1
108981,male,28,190.0,88.0,29.0,107.0,40.9,178.0,1
493897,female,31,166.0,64.0,8.0,85.0,39.5,31.0,0
114213,female,40,162.0,67.0,21.0,113.0,40.7,147.0,1
4960,male,63,183.0,88.0,2.0,85.0,38.3,9.0,0
306190,female,29,166.0,64.0,26.0,102.0,40.7,142.0,1
259270,male,56,170.0,72.0,9.0,92.0,39.6,44.0,0
342167,male,52,172.0,78.0,4.0,86.0,38.8,16.0,0
297581,male,52,181.0,82.0,27.0,107.0,40.9,193.0,1
733205,female,55,164.0,62.0,19.0,104.0,40.7,120.0,1
54454,female,32,149.0,50.0,16.0,88.0,40.5,71.0,0
440128,female,36,188.0,64.0,10.0,86.0,39.7,41.0,0
647964,female,53,185.0,82.0,15.0,95.0,40.3,82.0,1
72731,male,31,185.0,92.0,3.0,85.0,38.6,8.0,0
203367,female,42,168.0,65.0,17.0,95.0,40.1,88.0,1
269191,male,37,178.0,80.0,10.0,89.0,39.7,36.0,0
344255,male,51,175.0,74.0,10.0,95.0,39.8,51.0,0
637738,male,48,160.0,70.0,1.0,81.0,38.0,3.0,0
159388,male,64,179.0,78.0,5.0,90.0,38.9,24.0,0
629907,male,64,194.0,96.0,17.0,111.0,40.5,183.0,1
645066,male,31,181.0,82.0,28.0,112.0,40.9,197.0,1
636989,male,63,183.0,87.0,26.0,108.0,40.9,223.0,1
440346,male,71,167.0,73.0,25.0,109.0,40.8,217.0,1
122556,female,49,169.0,72.0,21.0,97.0,40.7,113.0,1
463660,female,75,166.0,66.0,17.0,104.0,40.6,111.0,1
250589,male,42,191.0,95.0,12.0,93.0,39.9,60.0,0
505135,male,58,195.0,92.0,16.0,100.0,40.2,108.0,1
665335,female,44,168.0,64.0,29.0,111.0,40.9,199.0,1
404121,male,50,179.0,81.0,11.0,94.0,39.8,58.0,0
172014,male,24,174.0,71.0,10.0,89.0,39.8,30.0,0
497995,male,38,190.0,99.0,27.0,105.0,40.3,176.0,1
262743,female,53,169.0,69.0,18.0,102.0,40.7,110.0,1
10828,male,41,207.0,110.0,30.0,113.0,41.1,238.0,1
389295,female,41,162.0,63.0,29.0,110.0,40.9,193.0,1
209548,female,64,166.0,64.0,12.0,96.0,39.9,68.0,0
383014,male,63,178.0,82.0,13.0,91.0,40.0,73.0,0
516775,female,36,177.0,73.0,17.0,92.0,40.2,80.0,0
11536,male,50,190.0,93.0,12.0,87.0,40.1,54.0,0
627840,female,55,173.0,72.0,17.0,96.0,40.1,95.0,1
171169,male,38,202.0,102.0,5.0,84.0,39.1,18.0,0
404122,male,21,184.0,93.0,7.0,81.0,39.6,10.0,0
392946,female,44,164.0,64.0,10.0,94.0,40.0,51.0,0
268076,female,44,160.0,57.0,2.0,83.0,38.6,8.0,0
386378,male,21,175.0,72.0,30.0,115.0,40.9,215.0,1
305295,female,63,171.0,71.0,27.0,109.0,40.6,194.0,1
290336,male,62,174.0,77.0,7.0,87.0,39.5,32.0,0
237740,male,52,180.0,79.0,28.0,104.0,40.9,191.0,1
137221,female,71,156.0,55.0,26.0,110.0,40.4,191.0,1
365831,female,32,163.0,64.0,22.0,107.0,40.5,142.0,1
741891,female,30,159.0,62.0,8.0,97.0,39.4,41.0,0
414488,female,65,155.0,54.0,27.0,105.0,40.9,193.0,1
735044,male,56,203.0,99.0,11.0,89.0,40.0,55.0,0
500330,female,27,177.0,73.0,27.0,107.0,40.7,162.0,1
686333,male,42,194.0,101.0,11.0,99.0,39.8,65.0,0
469513,male,43,182.0,87.0,2.0,82.0,38.1,6.0,0
548152,female,25,175.0,68.0,19.0,109.0,40.7,121.0,1
234371,male,51,181.0,81.0,22.0,98.0,40.8,126.0,1
618435,female,31,157.0,54.0,12.0,93.0,39.7,61.0,0
85047,female,23,150.0,49.0,15.0,89.0,40.3,67.0,0
127422,male,36,190.0,95.0,6.0,85.0,38.9,20.0,0
340271,male,43,187.0,93.0,22.0,104.0,40.5,145.0,1
537785,male,32,186.0,88.0,22.0,105.0,40.6,133.0,1
488465,female,42,153.0,54.0,17.0,102.0,40.4,104.0,1
325453,female,33,180.0,75.0,14.0,99.0,40.1,70.0,0
75058,female,31,151.0,53.0,6.0,85.0,39.2,24.0,0
581858,female,30,171.0,67.0,18.0,98.0,40.3,94.0,1
603900,female,53,159.0,62.0,5.0,84.0,39.4,21.0,0
334768,male,71,201.0,102.0,8.0,96.0,39.6,57.0,0
455655,female,39,179.0,72.0,20.0,104.0,40.4,118.0,1
556394,female,61,151.0,51.0,22.0,95.0,40.7,122.0,1
129374,male,72,170.0,77.0,12.0,95.0,39.8,74.0,0
20832,male,65,174.0,80.0,6.0,88.0,39.3,29.0,0
680295,female,60,155.0,52.0,25.0,97.0,40.8,147.0,1
712498,male,54,176.0,79.0,4.0,90.0,38.3,19.0,0
133741,male,50,183.0,80.0,24.0,96.0,40.7,131.0,1
361396,female,23,179.0,82.0,19.0,98.0,40.5,91.0,1
93723,female,20,170.0,66.0,3.0,84.0,38.5,10.0,0
130496,male,33,189.0,94.0,13.0,91.0,40.5,54.0,0
459347,male,44,183.0,88.0,8.0,88.0,39.5,32.0,0
540463,female,27,169.0,62.0,23.0,104.0,40.5,136.0,1
382286,female,32,171.0,63.0,24.0,109.0,40.6,156.0,1
9956,male,48,180.0,81.0,11.0,90.0,40.0,49.0,0
429764,female,22,170.0,66.0,22.0,110.0,40.6,142.0,1
511605,male,21,195.0,99.0,15.0,91.0,40.2,51.0,0
520871,female,29,169.0,69.0,14.0,96.0,40.1,69.0,0
157260,male,25,169.0,72.0,15.0,97.0,40.2,64.0,0
552591,female,40,153.0,56.0,20.0,106.0,40.5,130.0,1
462877,male,25,191.0,94.0,16.0,90.0,40.2,57.0,0
30688,female,48,161.0,67.0,9.0,96.0,39.8,47.0,0
686491,male,45,196.0,103.0,22.0,106.0,40.5,152.0,1
642700,female,25,177.0,74.0,9.0,90.0,39.7,37.0,0
297317,male,61,193.0,98.0,27.0,112.0,41.3,233.0,1
780,male,52,194.0,99.0,11.0,98.0,39.9,62.0,0
261692,female,35,174.0,67.0,25.0,105.0,40.6,150.0,1
734107,female,26,160.0,55.0,24.0,104.0,40.8,144.0,1
521420,female,23,174.0,65.0,21.0,105.0,40.5,121.0,1
102225,female,55,171.0,72.0,16.0,100.0,40.0,93.0,1
346474,male,54,179.0,83.0,15.0,91.0,40.4,72.0,0
713502,female,55,168.0,63.0,24.0,99.0,40.6,137.0,1
468407,male,40,195.0,95.0,10.0,91.0,39.9,47.0,0
68932,female,31,163.0,62.0,4.0,84.0,39.1,17.0,0
499832,male,40,186.0,93.0,10.0,92.0,39.8,44.0,0
254009,female,20,159.0,57.0,6.0,84.0,39.2,22.0,0
582689,female,38,172.0,68.0,6.0,79.0,39.4,19.0,0
367685,female,46,173.0,72.0,18.0,100.0,40.5,104.0,1
658104,female,42,169.0,64.0,12.0,94.0,40.3,60.0,0
164907,male,49,184.0,85.0,21.0,101.0,40.5,126.0,1
308492,female,36,164.0,64.0,27.0,105.0,40.8,169.0,1
141162,male,61,171.0,79.0,20.0,98.0,40.5,125.0,1
385817,male,30,174.0,81.0,26.0,103.0,40.7,146.0,1
712199,female,65,156.0,56.0,25.0,105.0,40.8,169.0,1
393486,female,25,153.0,55.0,14.0,99.0,40.0,76.0,1
377749,female,39,164.0,67.0,25.0,105.0,40.8,151.0,1
716902,male,31,193.0,92.0,3.0,84.0,38.5,10.0,0
452125,male,42,175.0,74.0,25.0,106.0,40.6,155.0,1
685003,male,50,186.0,87.0,13.0,95.0,39.9,72.0,0
637834,male,21,170.0,69.0,4.0,80.0,38.9,8.0,0
365040,female,67,171.0,70.0,4.0,84.0,38.9,16.0,0
191055,male,47,176.0,78.0,15.0,100.0,40.4,87.0,1
317156,female,38,159.0,63.0,4.0,86.0,38.9,16.0,0
212469,male,52,186.0,89.0,6.0,83.0,39.2,22.0,0
623576,male,60,193.0,93.0,16.0,93.0,40.5,95.0,1
465863,male,26,182.0,82.0,27.0,111.0,41.1,172.0,1
337317,female,52,173.0,69.0,13.0,98.0,40.3,71.0,1
472687,male,44,171.0,75.0,24.0,104.0,40.8,149.0,1
160512,male,51,171.0,71.0,16.0,104.0,40.3,102.0,1
366011,female,21,173.0,66.0,25.0,103.0,40.7,133.0,1
582204,male,40,181.0,83.0,20.0,107.0,40.5,130.0,1
306062,male,53,181.0,87.0,2.0,87.0,38.1,9.0,0
594254,female,22,177.0,73.0,23.0,108.0,40.7,139.0,1
106325,male,45,191.0,93.0,15.0,94.0,40.5,80.0,1
265473,male,22,196.0,95.0,27.0,108.0,40.9,168.0,1
143918,female,44,173.0,67.0,24.0,107.0,40.7,156.0,1
659900,male,48,171.0,77.0,10.0,93.0,39.6,50.0,0
612948,male,22,183.0,86.0,9.0,85.0,39.4,23.0,0
338428,female,20,174.0,74.0,20.0,102.0,40.6,107.0,1
288882,male,60,174.0,78.0,28.0,111.0,40.8,226.0,1
277489,male,51,187.0,94.0,14.0,93.0,40.3,75.0,0
5430,male,28,179.0,73.0,22.0,105.0,40.7,128.0,1
325039,female,45,151.0,51.0,3.0,77.0,38.8,11.0,0
480076,male,27,184.0,84.0,1.0,80.0,38.0,1.0,0
657974,male,64,201.0,102.0,8.0,100.0,40.0,54.0,0
377976,male,62,194.0,105.0,21.0,106.0,40.8,171.0,1
372326,male,40,191.0,88.0,2.0,82.0,38.1,6.0,0
512453,male,46,181.0,82.0,28.0,104.0,41.0,178.0,1
477190,female,37,152.0,54.0,19.0,94.0,39.9,98.0,1
724110,male,38,179.0,78.0,25.0,110.0,40.7,171.0,1
335181,male,39,164.0,68.0,3.0,81.0,38.6,6.0,0
687576,male,65,190.0,93.0,1.0,87.0,37.6,4.0,0
158,female,31,171.0,66.0,4.0,81.0,39.1,12.0,0
687922,male,28,184.0,84.0,10.0,82.0,39.7,32.0,0
443646,male,43,183.0,89.0,27.0,109.0,40.7,197.0,1
432864,female,38,176.0,74.0,16.0,101.0,40.4,92.0,1
480796,female,43,170.0,66.0,8.0,80.0,39.8,27.0,0
510724,female,70,163.0,60.0,18.0,96.0,40.3,103.0,1
414394,female,47,179.0,78.0,15.0,101.0,40.4,86.0,1
344145,male,38,199.0,98.0,5.0,87.0,39.1,20.0,0
208144,female,40,169.0,71.0,8.0,88.0,39.7,34.0,0
208227,male,22,179.0,79.0,15.0,90.0,40.2,51.0,0
93763,female,50,169.0,61.0,14.0,99.0,40.0,81.0,1
287248,female,52,159.0,59.0,2.0,91.0,38.2,9.0,0
662861,male,30,169.0,68.0,14.0,99.0,40.6,72.0,1
377396,female,21,165.0,62.0,1.0,72.0,37.8,2.0,0
542178,female,32,163.0,59.0,9.0,89.0,39.9,39.0,0
7818,male,51,200.0,95.0,25.0,105.0,40.8,183.0,1
301231,male,68,194.0,101.0,9.0,88.0,39.8,50.0,0
421936,male,62,185.0,91.0,30.0,108.0,41.3,241.0,1
86840,female,56,169.0,67.0,25.0,106.0,40.6,165.0,1
530007,male,22,178.0,81.0,10.0,92.0,39.9,38.0,0
215594,male,45,179.0,87.0,17.0,101.0,39.9,107.0,1
215019,female,67,173.0,71.0,23.0,97.0,40.9,135.0,1
142147,male,32,181.0,84.0,11.0,92.0,40.1,43.0,0
97605,female,43,154.0,59.0,28.0,110.0,40.6,192.0,1
482378,female,79,152.0,54.0,24.0,104.0,40.7,166.0,1
392288,female,27,155.0,55.0,11.0,98.0,39.7,62.0,0
416611,female,50,167.0,63.0,21.0,99.0,40.6,121.0,1
674497,female,55,166.0,68.0,4.0,86.0,39.0,18.0,0
87373,female,50,174.0,72.0,19.0,100.0,40.6,107.0,1
357129,male,59,170.0,75.0,27.0,108.0,40.9,203.0,1
689084,female,66,175.0,69.0,10.0,94.0,39.8,52.0,0
496296,female,51,161.0,65.0,8.0,86.0,39.9,34.0,0
742720,female,47,173.0,73.0,11.0,95.0,39.9,57.0,0
166469,female,22,169.0,66.0,1.0,83.0,37.8,3.0,0
562147,female,57,176.0,72.0,10.0,99.0,39.7,56.0,0
627886,female,48,174.0,72.0,2.0,73.0,38.2,5.0,0
564886,male,37,161.0,69.0,14.0,91.0,40.1,56.0,0
9361,male,54,169.0,69.0,8.0,98.0,39.7,46.0,0
57131,female,38,153.0,52.0,25.0,105.0,40.9,157.0,1
218462,female,23,158.0,54.0,6.0,83.0,39.4,22.0,0
293998,female,40,154.0,55.0,22.0,106.0,40.8,138.0,1
274406,male,48,194.0,96.0,11.0,95.0,40.3,61.0,0
546418,female,37,161.0,58.0,16.0,92.0,40.1,76.0,0
162120,female,31,166.0,61.0,29.0,108.0,40.4,190.0,1
143768,male,62,185.0,89.0,12.0,89.0,40.2,58.0,0
735856,female,44,169.0,73.0,24.0,108.0,40.6,156.0,1
549807,female,72,163.0,68.0,19.0,96.0,40.7,108.0,1
497673,male,43,184.0,83.0,29.0,112.0,41.2,223.0,1
542840,male,24,179.0,78.0,21.0,103.0,40.6,112.0,1
674671,male,31,189.0,95.0,15.0,105.0,40.4,90.0,1
497695,male,56,196.0,98.0,14.0,88.0,40.1,70.0,0
619572,male,48,183.0,88.0,22.0,93.0,40.6,113.0,1
28657,female,26,162.0,61.0,24.0,105.0,41.0,144.0,1
36428,female,29,160.0,62.0,19.0,101.0,40.6,109.0,1
362969,female,35,168.0,62.0,12.0,93.0,39.9,57.0,0
629900,female,51,160.0,57.0,10.0,88.0,39.7,47.0,0
394174,female,43,172.0,67.0,5.0,82.0,39.1,19.0,0
684726,male,61,188.0,92.0,13.0,101.0,40.4,87.0,1
502348,female,28,160.0,61.0,11.0,104.0,40.0,66.0,1
374388,male,43,176.0,74.0,24.0,97.0,40.8,128.0,1
92521,female,45,172.0,69.0,30.0,107.0,40.9,198.0,1
590925,female,25,183.0,76.0,25.0,107.0,40.9,154.0,1
170371,male,36,183.0,83.0,15.0,95.0,40.3,71.0,0
245251,male,27,176.0,79.0,16.0,91.0,40.2,59.0,0
182433,male,28,200.0,96.0,23.0,98.0,40.5,120.0,1
232606,female,45,158.0,54.0,29.0,112.0,40.8,210.0,1
690497,male,42,183.0,90.0,29.0,111.0,41.0,216.0,1
638091,female,70,163.0,64.0,12.0,98.0,39.9,72.0,0
579689,male,55,194.0,93.0,8.0,85.0,39.7,34.0,0
632046,female,23,158.0,57.0,12.0,98.0,40.0,65.0,0
174799,male,38,196.0,99.0,4.0,89.0,38.9,14.0,0
465049,female,30,157.0,56.0,17.0,89.0,40.5,71.0,1
126933,female,56,169.0,69.0,25.0,105.0,40.9,160.0,1
193425,female,63,162.0,66.0,5.0,84.0,39.1,22.0,0
100202,male,68,187.0,87.0,16.0,91.0,40.5,88.0,1
736047,female,48,167.0,59.0,3.0,88.0,38.8,11.0,0
529192,female,22,163.0,61.0,10.0,78.0,39.7,30.0,0
115349,male,29,173.0,82.0,12.0,96.0,39.9,54.0,0
422068,male,41,189.0,88.0,21.0,104.0,40.5,134.0,1
122507,female,47,169.0,69.0,3.0,79.0,38.7,10.0,0
142964,female,43,161.0,63.0,27.0,112.0,40.8,189.0,1
449199,male,40,170.0,75.0,2.0,83.0,38.3,6.0,0
220802,female,20,161.0,62.0,30.0,105.0,40.8,177.0,1
32315,male,24,185.0,90.0,10.0,77.0,39.7,10.0,0
358227,female,39,171.0,73.0,5.0,85.0,39.3,20.0,0
624211,male,63,197.0,102.0,2.0,81.0,38.0,9.0,0
20712,male,31,181.0,87.0,14.0,92.0,40.2,58.0,0
199995,male,33,184.0,83.0,3.0,82.0,38.8,7.0,0
586485,male,39,185.0,88.0,16.0,100.0,40.7,92.0,1
523388,male,31,181.0,86.0,24.0,98.0,40.7,116.0,1
618046,female,27,178.0,82.0,5.0,91.0,39.2,21.0,0
691963,female,72,166.0,65.0,12.0,87.0,39.8,56.0,0
620925,female,26,167.0,62.0,29.0,108.0,40.7,183.0,1
670022,female,20,158.0,54.0,21.0,105.0,40.6,124.0,1
258925,female,48,169.0,69.0,26.0,105.0,40.9,163.0,1
606432,female,71,154.0,62.0,29.0,108.0,41.2,203.0,1
463123,male,62,185.0,93.0,7.0,86.0,39.0,32.0,0
364285,female,21,174.0,69.0,24.0,101.0,40.7,128.0,1
42222,female,46,156.0,58.0,23.0,102.0,40.4,137.0,1
721617,male,31,191.0,91.0,20.0,101.0,40.3,114.0,1
227235,female,48,153.0,54.0,26.0,100.0,40.8,154.0,1
321698,female,21,167.0,65.0,9.0,91.0,39.5,40.0,0
556138,male,32,188.0,94.0,7.0,93.0,39.2,30.0,0
64750,female,22,159.0,59.0,15.0,94.0,40.0,73.0,0
405396,female,40,156.0,52.0,22.0,104.0,40.7,139.0,1
115833,female,40,164.0,62.0,22.0,96.0,40.7,116.0,1
361870,female,26,167.0,62.0,25.0,107.0,40.4,157.0,1
470676,male,50,187.0,87.0,2.0,86.0,38.1,8.0,0
680478,female,24,169.0,70.0,2.0,81.0,37.9,7.0,0
540528,female,48,166.0,67.0,7.0,95.0,39.6,37.0,0
339372,male,49,187.0,92.0,14.0,90.0,40.3,69.0,0
139576,female,23,162.0,57.0,10.0,93.0,39.8,45.0,0
207922,male,26,182.0,85.0,21.0,108.0,40.4,122.0,1
640511,female,39,158.0,54.0,29.0,107.0,40.7,187.0,1
278960,female,31,171.0,66.0,18.0,95.0,40.6,90.0,1
606852,female,40,151.0,51.0,28.0,107.0,41.1,183.0,1
263112,male,48,197.0,103.0,10.0,91.0,40.2,49.0,0
309864,male,25,172.0,73.0,17.0,104.0,40.1,88.0,1
508950,female,24,176.0,77.0,12.0,90.0,39.9,51.0,0
154258,male,38,190.0,93.0,27.0,108.0,40.8,190.0,1
267032,female,59,148.0,53.0,24.0,106.0,40.7,161.0,1
54260,male,22,189.0,88.0,6.0,86.0,39.3,23.0,0
342411,male,22,174.0,76.0,28.0,110.0,40.7,171.0,1
33932,female,45,174.0,72.0,27.0,103.0,40.9,158.0,1
542429,female,74,186.0,79.0,15.0,88.0,40.1,78.0,0
300069,female,24,163.0,65.0,7.0,97.0,39.9,32.0,0
501101,male,37,194.0,93.0,1.0,82.0,37.7,3.0,0
589682,male,51,201.0,103.0,21.0,102.0,40.4,138.0,1
163501,male,60,190.0,95.0,16.0,99.0,40.4,103.0,1
220998,male,37,190.0,90.0,8.0,86.0,39.6,29.0,0
172281,female,29,158.0,61.0,13.0,99.0,40.3,69.0,1
412954,male,25,174.0,78.0,25.0,107.0,40.5,145.0,1
179674,male,63,172.0,81.0,7.0,86.0,39.5,36.0,0
670486,male,61,175.0,71.0,21.0,102.0,40.7,140.0,1
127081,female,21,154.0,56.0,15.0,92.0,40.6,70.0,1
498495,male,31,179.0,82.0,4.0,91.0,39.1,16.0,0
56622,female,34,172.0,73.0,10.0,91.0,39.9,43.0,0
124105,male,59,196.0,100.0,10.0,83.0,39.8,42.0,0
105398,female,31,158.0,62.0,22.0,98.0,40.9,117.0,1
719842,male,24,176.0,82.0,20.0,93.0,40.8,80.0,1
54647,female,52,177.0,76.0,25.0,100.0,40.9,144.0,1
82478,male,51,204.0,101.0,8.0,92.0,39.5,46.0,0
292649,male,27,197.0,99.0,24.0,107.0,40.5,157.0,1
94389,female,22,155.0,54.0,18.0,97.0,40.2,91.0,1
281832,female,28,173.0,64.0,26.0,107.0,40.8,161.0,1
642937,male,43,183.0,87.0,23.0,105.0,40.5,150.0,1
92453,male,31,196.0,93.0,7.0,93.0,39.4,31.0,0
23117,female,51,169.0,68.0,13.0,91.0,40.1,63.0,0
685340,female,46,166.0,67.0,11.0,86.0,39.9,44.0,0
723810,male,44,174.0,73.0,15.0,93.0,40.4,68.0,0
114784,female,65,158.0,58.0,22.0,104.0,40.8,144.0,1
677151,male,34,187.0,88.0,9.0,92.0,39.8,38.0,0
139424,female,47,158.0,57.0,3.0,86.0,38.8,13.0,0
237007,female,27,162.0,63.0,4.0,77.0,39.1,13.0,0
645189,female,27,169.0,66.0,3.0,80.0,38.7,11.0,0
276303,male,22,179.0,76.0,13.0,91.0,40.2,45.0,0
669852,male,20,174.0,73.0,25.0,109.0,40.7,142.0,1
644019,male,25,164.0,66.0,7.0,87.0,39.4,17.0,0
169564,male,28,184.0,89.0,16.0,100.0,40.2,83.0,1
14442,male,31,178.0,74.0,6.0,87.0,39.1,16.0,0
100845,female,48,167.0,72.0,16.0,93.0,40.5,80.0,1
620152,male,42,179.0,80.0,14.0,101.0,40.3,82.0,1
245989,female,21,181.0,78.0,6.0,88.0,39.1,22.0,0
195811,male,25,185.0,81.0,15.0,96.0,40.1,65.0,0
657096,male,28,180.0,81.0,30.0,110.0,40.9,193.0,1
62237,male,36,191.0,90.0,22.0,97.0,40.9,113.0,1
35623,female,79,158.0,54.0,17.0,96.0,40.1,102.0,1
590792,male,48,184.0,81.0,4.0,91.0,38.9,19.0,0
64882,male,27,189.0,90.0,14.0,98.0,40.2,69.0,0
72381,female,35,162.0,57.0,18.0,94.0,40.5,93.0,1
527384,female,22,177.0,80.0,12.0,90.0,40.1,45.0,0
205381,male,54,189.0,90.0,11.0,91.0,39.9,57.0,0
530763,male,42,185.0,88.0,17.0,94.0,40.4,84.0,1
663247,male,32,178.0,80.0,23.0,110.0,40.5,146.0,1
485454,female,35,179.0,76.0,7.0,94.0,39.8,33.0,0
570792,male,32,191.0,97.0,19.0,101.0,40.6,106.0,1
718764,female,50,149.0,55.0,18.0,95.0,40.4,96.0,1
682429,female,26,170.0,69.0,14.0,97.0,39.9,71.0,0
635706,male,48,186.0,86.0,1.0,76.0,37.6,3.0,0
636928,female,21,169.0,63.0,23.0,104.0,41.0,130.0,1
550715,female,33,163.0,61.0,10.0,87.0,40.2,44.0,0
406013,female,48,162.0,59.0,21.0,111.0,40.5,149.0,1
59559,male,55,190.0,91.0,16.0,95.0,40.4,93.0,1
413015,female,54,167.0,67.0,7.0,86.0,39.4,31.0,0
141329,male,33,176.0,81.0,6.0,88.0,39.3,20.0,0
44826,female,44,172.0,71.0,4.0,88.0,39.0,17.0,0
18042,female,25,163.0,60.0,4.0,82.0,38.8,14.0,0
543452,female,29,170.0,69.0,16.0,92.0,40.3,73.0,0
613884,male,21,188.0,91.0,21.0,100.0,40.8,101.0,1
458370,male,21,173.0,77.0,20.0,102.0,40.5,98.0,1
6207,male,30,187.0,89.0,29.0,108.0,40.9,189.0,1
431006,female,39,154.0,56.0,26.0,109.0,40.8,174.0,1
428627,male,33,183.0,82.0,9.0,90.0,39.5,31.0,0
137162,female,42,163.0,58.0,9.0,91.0,39.7,43.0,0
503828,female,59,181.0,79.0,4.0,92.0,38.8,20.0,0
290638,male,30,205.0,112.0,30.0,116.0,40.5,230.0,1
109083,male,21,172.0,71.0,9.0,91.0,39.9,34.0,0
419335,male,20,189.0,85.0,7.0,87.0,39.4,18.0,0
407668,male,54,178.0,80.0,24.0,113.0,40.5,197.0,1
109452,female,42,154.0,53.0,8.0,84.0,39.4,31.0,0
496748,female,23,166.0,67.0,30.0,108.0,41.1,181.0,1
407414,male,40,176.0,80.0,3.0,88.0,38.9,13.0,0
612321,female,46,168.0,64.0,28.0,108.0,40.7,185.0,1
486294,female,37,165.0,60.0,15.0,91.0,40.3,69.0,0
233218,female,35,160.0,58.0,23.0,100.0,40.6,130.0,1
466331,female,54,176.0,72.0,6.0,85.0,39.2,25.0,0
679621,female,62,173.0,71.0,19.0,96.0,40.2,107.0,1
302589,male,52,182.0,89.0,6.0,84.0,39.2,23.0,0
675665,female,26,167.0,61.0,29.0,110.0,40.7,188.0,1
433239,male,62,196.0,101.0,28.0,104.0,40.7,217.0,1
81975,female,22,165.0,62.0,29.0,111.0,40.9,188.0,1
405403,female,30,178.0,70.0,17.0,99.0,40.6,89.0,1
276971,male,71,189.0,91.0,8.0,87.0,39.6,40.0,0
359590,female,24,173.0,68.0,16.0,93.0,40.6,69.0,1
230251,male,47,192.0,98.0,29.0,112.0,41.1,233.0,1
59911,male,21,193.0,95.0,2.0,82.0,38.1,4.0,0
6930,female,41,161.0,62.0,17.0,101.0,40.1,100.0,1
387671,female,22,172.0,71.0,20.0,96.0,40.5,96.0,1
1421,male,25,187.0,85.0,25.0,105.0,40.7,143.0,1
132216,male,28,198.0,96.0,22.0,98.0,40.8,113.0,1
235758,female,51,152.0,60.0,11.0,88.0,39.7,51.0,0
349565,male,45,187.0,92.0,6.0,87.0,39.3,25.0,0
300451,female,36,166.0,69.0,28.0,109.0,40.8,180.0,1
109579,female,33,169.0,68.0,22.0,99.0,40.6,117.0,1
358114,male,39,197.0,97.0,25.0,113.0,41.0,197.0,1
53235,male,21,181.0,83.0,27.0,113.0,40.7,175.0,1
684140,female,40,161.0,62.0,12.0,91.0,39.9,57.0,0
455162,male,26,175.0,73.0,11.0,99.0,39.9,51.0,0
304496,male,45,188.0,89.0,11.0,91.0,39.5,51.0,0
539075,male,40,154.0,58.0,23.0,102.0,40.5,124.0,1
452283,male,25,187.0,93.0,27.0,102.0,40.7,149.0,1
297882,male,38,192.0,93.0,21.0,104.0,40.5,132.0,1
509611,female,54,161.0,59.0,12.0,85.0,40.4,51.0,0
290370,female,25,167.0,61.0,27.0,107.0,40.8,161.0,1
134082,female,30,165.0,64.0,27.0,113.0,40.5,185.0,1
550350,female,69,154.0,56.0,26.0,106.0,40.7,182.0,1
612963,female,52,171.0,67.0,8.0,87.0,39.5,35.0,0
233279,female,40,161.0,65.0,15.0,87.0,40.2,64.0,0
402777,male,40,179.0,81.0,9.0,87.0,39.9,34.0,0
483170,female,52,152.0,54.0,9.0,86.0,39.6,40.0,0
237553,female,22,164.0,63.0,20.0,100.0,40.7,107.0,1
356499,female,40,163.0,61.0,8.0,82.0,39.7,30.0,0
557610,male,31,196.0,106.0,7.0,86.0,39.7,24.0,0
349989,female,29,159.0,58.0,2.0,86.0,38.1,8.0,0
469612,female,54,161.0,58.0,9.0,86.0,39.7,41.0,0
456390,female,50,169.0,68.0,19.0,98.0,40.3,108.0,1
678129,female,40,162.0,61.0,26.0,108.0,40.6,169.0,1
274227,female,20,158.0,55.0,20.0,97.0,40.3,97.0,1
116986,male,47,189.0,88.0,17.0,97.0,40.3,103.0,1
412056,female,32,161.0,61.0,30.0,100.0,40.9,165.0,1
96268,female,39,180.0,79.0,2.0,86.0,38.5,8.0,0
640583,female,54,161.0,61.0,9.0,89.0,40.4,43.0,0
138617,female,26,163.0,59.0,9.0,85.0,39.6,34.0,0
561362,female,56,166.0,64.0,2.0,86.0,38.0,8.0,0
587103,male,39,179.0,82.0,18.0,102.0,40.3,105.0,1
549443,female,45,158.0,61.0,16.0,93.0,40.6,80.0,1
429434,female,26,173.0,71.0,11.0,89.0,39.7,46.0,0
525084,female,59,156.0,54.0,16.0,101.0,40.2,100.0,1
217370,female,48,156.0,54.0,24.0,106.0,40.8,155.0,1
454719,male,73,184.0,88.0,26.0,103.0,40.7,210.0,1
87690,female,64,152.0,56.0,2.0,84.0,37.8,8.0,0
621848,male,21,197.0,102.0,19.0,95.0,40.5,85.0,1
735248,male,47,181.0,82.0,7.0,98.0,39.4,38.0,0
159690,male,64,191.0,96.0,2.0,80.0,38.2,8.0,0
513255,female,20,159.0,52.0,21.0,117.0,40.8,146.0,1
458025,female,60,165.0,61.0,1.0,79.0,37.8,5.0,0
236032,female,62,173.0,66.0,4.0,83.0,39.1,16.0,0
307395,female,44,156.0,54.0,12.0,86.0,40.1,47.0,0
387409,female,58,174.0,72.0,27.0,112.0,40.4,193.0,1
386043,male,32,201.0,99.0,21.0,103.0,40.9,125.0,1
747485,male,37,191.0,94.0,13.0,98.0,39.7,65.0,0
324715,female,43,174.0,70.0,21.0,99.0,40.6,115.0,1
543141,female,75,158.0,61.0,23.0,104.0,40.9,156.0,1
671932,male,24,184.0,86.0,14.0,89.0,40.2,48.0,0
83780,female,71,158.0,56.0,9.0,92.0,39.8,49.0,0
586928,female,28,166.0,60.0,7.0,84.0,39.8,26.0,0
280241,male,63,196.0,97.0,7.0,83.0,39.4,31.0,0
172035,female,53,153.0,53.0,7.0,79.0,39.1,25.0,0
450352,male,64,190.0,97.0,27.0,108.0,40.6,229.0,1
112827,male,48,183.0,88.0,5.0,88.0,39.1,21.0,0
614688,male,21,205.0,79.0,13.0,103.0,40.3,65.0,1
629305,female,28,175.0,72.0,6.0,87.0,39.1,22.0,0
247996,male,47,190.0,95.0,20.0,97.0,40.6,114.0,1
192727,male,36,187.0,85.0,5.0,93.0,39.0,19.0,0
590059,male,32,183.0,81.0,7.0,84.0,39.4,21.0,0
146666,female,27,165.0,58.0,14.0,94.0,40.5,68.0,1
7373,female,40,174.0,68.0,2.0,78.0,38.4,6.0,0
71518,female,50,155.0,55.0,6.0,85.0,39.4,25.0,0
371060,female,58,176.0,72.0,21.0,103.0,40.4,133.0,1
151566,male,22,191.0,94.0,15.0,93.0,40.5,60.0,0
56974,female,45,161.0,60.0,28.0,108.0,40.9,188.0,1
204101,female,51,154.0,54.0,19.0,97.0,40.6,103.0,1
399690,female,24,153.0,52.0,7.0,81.0,39.5,25.0,0
674491,male,37,173.0,78.0,24.0,105.0,40.8,147.0,1
419259,male,34,186.0,85.0,6.0,78.0,39.2,11.0,0
577853,female,57,150.0,51.0,8.0,95.0,39.4,44.0,0
304937,male,43,181.0,86.0,23.0,103.0,40.4,144.0,1
633758,female,42,179.0,72.0,16.0,99.0,40.3,86.0,1
426447,female,28,170.0,72.0,26.0,104.0,40.8,151.0,1
177105,female,25,177.0,73.0,1.0,86.0,37.9,4.0,0
651178,male,34,185.0,88.0,19.0,98.0,40.3,99.0,1
48337,female,43,167.0,67.0,6.0,86.0,39.2,26.0,0
391045,female,43,155.0,49.0,19.0,97.0,40.6,107.0,1
215957,female,20,162.0,61.0,24.0,107.0,40.8,145.0,1
449596,female,79,162.0,62.0,18.0,92.0,40.7,99.0,1
126426,female,45,172.0,73.0,24.0,103.0,40.7,139.0,1
32074,female,56,186.0,81.0,16.0,92.0,40.5,79.0,1
220560,female,21,168.0,67.0,30.0,117.0,41.0,210.0,1
657381,male,62,177.0,84.0,30.0,108.0,40.7,238.0,1
689987,male,25,181.0,84.0,24.0,109.0,41.0,156.0,1
224900,male,41,192.0,98.0,28.0,113.0,41.0,218.0,1
694512,male,20,184.0,82.0,23.0,108.0,40.8,113.0,1
213064,male,57,176.0,83.0,13.0,97.0,39.9,78.0,0
151616,male,26,194.0,95.0,17.0,94.0,40.1,72.0,0
366720,female,59,167.0,61.0,2.0,89.0,38.1,9.0,0
628366,male,73,192.0,90.0,15.0,99.0,40.2,110.0,1
407365,male,57,176.0,78.0,27.0,109.0,40.7,212.0,1
271007,female,42,170.0,68.0,7.0,91.0,39.3,34.0,0
430391,female,46,159.0,59.0,29.0,109.0,40.7,201.0,1
630080,male,37,174.0,75.0,9.0,88.0,39.8,32.0,0
152034,female,22,157.0,56.0,3.0,82.0,38.9,12.0,0
610215,male,36,178.0,80.0,25.0,108.0,40.5,166.0,1
662428,female,47,151.0,52.0,1.0,84.0,37.5,4.0,0
198023,male,56,194.0,92.0,26.0,103.0,40.8,190.0,1
133517,male,34,189.0,93.0,19.0,97.0,40.7,91.0,1
647538,female,45,168.0,65.0,27.0,103.0,40.9,165.0,1
3800,female,32,162.0,62.0,11.0,93.0,39.8,53.0,0
354826,female,57,168.0,68.0,11.0,92.0,39.9,55.0,0
279750,male,40,173.0,68.0,11.0,90.0,39.8,42.0,0
504114,male,35,191.0,88.0,25.0,114.0,40.7,193.0,1
51285,female,40,166.0,65.0,7.0,90.0,39.7,33.0,0
197240,female,20,167.0,63.0,24.0,100.0,40.8,125.0,1
466937,female,22,163.0,62.0,14.0,86.0,40.4,56.0,0
622799,male,22,173.0,72.0,21.0,105.0,40.6,112.0,1
142740,female,72,170.0,75.0,9.0,90.0,40.5,45.0,0
54968,male,59,183.0,86.0,10.0,92.0,39.9,55.0,0
399651,female,75,158.0,59.0,27.0,114.0,40.8,216.0,1
550231,female,32,161.0,56.0,18.0,101.0,40.5,103.0,1
692218,female,29,163.0,59.0,24.0,99.0,40.6,125.0,1
523218,female,30,157.0,60.0,17.0,100.0,40.3,92.0,1
226320,male,39,179.0,82.0,23.0,99.0,40.4,125.0,1
246201,male,22,187.0,82.0,4.0,81.0,38.8,7.0,0
603509,male,55,175.0,77.0,18.0,100.0,40.5,115.0,1
136674,female,29,182.0,71.0,28.0,101.0,41.2,157.0,1
268323,female,44,166.0,69.0,27.0,113.0,40.8,186.0,1
91842,female,40,184.0,79.0,24.0,97.0,40.5,126.0,1
737945,male,56,191.0,92.0,9.0,86.0,39.7,40.0,0
219749,female,31,172.0,71.0,5.0,82.0,39.0,18.0,0
408904,female,50,155.0,51.0,2.0,76.0,38.3,7.0,0
314145,male,21,169.0,72.0,10.0,93.0,39.6,35.0,0
460586,male,50,188.0,86.0,26.0,114.0,40.8,222.0,1
613930,female,44,162.0,62.0,10.0,87.0,39.8,43.0,0
415095,female,48,182.0,72.0,5.0,80.0,39.0,17.0,0
46951,male,22,185.0,86.0,23.0,103.0,40.7,121.0,1
156543,female,51,152.0,50.0,28.0,108.0,40.9,188.0,1
534469,female,52,164.0,65.0,26.0,107.0,40.6,171.0,1
456629,male,32,180.0,85.0,13.0,92.0,39.9,54.0,0
107489,female,62,159.0,63.0,5.0,81.0,39.3,20.0,0
208892,female,48,153.0,57.0,13.0,99.0,40.1,74.0,1
182262,female,32,168.0,63.0,6.0,86.0,39.2,24.0,0
317421,female,33,173.0,72.0,20.0,97.0,40.6,103.0,1
6380,male,65,175.0,81.0,1.0,75.0,37.9,4.0,0
120268,female,77,162.0,59.0,25.0,100.0,40.6,161.0,1
434046,female,64,172.0,71.0,15.0,96.0,40.3,84.0,1
207993,male,32,188.0,83.0,17.0,97.0,40.5,81.0,1
416528,female,45,158.0,58.0,28.0,122.0,40.9,231.0,1
411491,male,22,191.0,98.0,24.0,104.0,40.5,138.0,1
609659,female,42,162.0,60.0,17.0,99.0,40.6,93.0,1
311497,male,29,179.0,81.0,27.0,106.0,40.7,160.0,1
712242,female,44,159.0,59.0,16.0,93.0,40.2,79.0,1
226160,female,56,169.0,68.0,14.0,89.0,40.3,65.0,0
159499,male,59,190.0,92.0,25.0,103.0,40.6,187.0,1
150688,male,48,187.0,90.0,19.0,99.0,41.0,114.0,1
382726,male,36,193.0,94.0,13.0,101.0,39.9,77.0,0
482830,male,60,186.0,90.0,11.0,95.0,39.9,67.0,0
421503,female,57,163.0,59.0,21.0,101.0,40.6,127.0,1
138222,male,20,187.0,94.0,11.0,94.0,39.9,32.0,0
603951,male,30,192.0,97.0,12.0,92.0,40.1,53.0,0
346284,female,42,152.0,53.0,5.0,82.0,39.3,18.0,0
360480,male,38,184.0,90.0,12.0,96.0,39.9,62.0,0
518425,male,50,203.0,103.0,18.0,103.0,40.1,128.0,1
338309,female,36,173.0,71.0,22.0,96.0,40.6,113.0,1
460038,male,48,187.0,88.0,10.0,92.0,40.0,48.0,0
80770,male,21,185.0,85.0,2.0,76.0,38.3,3.0,0
82572,male,38,190.0,94.0,24.0,102.0,40.7,148.0,1
406405,male,26,197.0,93.0,9.0,83.0,39.2,23.0,0
640299,female,21,176.0,73.0,15.0,101.0,40.3,78.0,1
645102,female,49,176.0,71.0,17.0,87.0,40.3,74.0,0
112604,male,42,176.0,86.0,11.0,87.0,40.0,43.0,0
596836,female,22,171.0,66.0,21.0,104.0,40.3,123.0,1
220205,male,65,187.0,83.0,2.0,72.0,38.5,5.0,0
165356,female,41,166.0,65.0,15.0,101.0,40.3,86.0,1
441451,female,54,160.0,64.0,11.0,97.0,39.8,60.0,0
733433,male,62,183.0,79.0,1.0,71.0,37.7,2.0,0
263444,female,32,166.0,59.0,18.0,103.0,40.5,107.0,1
341394,male,61,183.0,84.0,17.0,92.0,40.5,92.0,1
204003,male,64,187.0,92.0,9.0,86.0,39.9,45.0,0
326874,male,63,186.0,93.0,25.0,104.0,40.8,189.0,1
235690,female,54,162.0,63.0,16.0,101.0,40.3,97.0,1
244318,male,29,185.0,81.0,16.0,100.0,40.5,66.0,1
450420,female,36,163.0,59.0,17.0,91.0,40.5,79.0,1
687779,female,61,163.0,62.0,14.0,90.0,40.1,75.0,0
734419,male,52,181.0,87.0,22.0,99.0,40.5,133.0,1
159179,female,71,162.0,61.0,15.0,94.0,40.3,85.0,1
720868,female,63,151.0,54.0,7.0,80.0,39.7,28.0,0
295648,male,43,187.0,86.0,17.0,98.0,40.3,96.0,1
16860,female,62,169.0,69.0,8.0,81.0,39.5,30.0,0
274593,male,37,173.0,72.0,16.0,97.0,40.3,79.0,1
221309,female,41,162.0,59.0,5.0,85.0,39.0,19.0,0
483775,male,27,187.0,85.0,27.0,110.0,40.8,183.0,1
665251,female,20,157.0,49.0,19.0,100.0,40.5,106.0,1
440021,male,57,198.0,99.0,19.0,102.0,40.4,131.0,1
201035,female,62,153.0,52.0,18.0,102.0,40.3,114.0,1
520692,male,48,184.0,90.0,11.0,97.0,39.6,63.0,0
161330,male,67,183.0,93.0,11.0,77.0,39.7,44.0,0
432528,female,64,167.0,62.0,27.0,101.0,40.7,175.0,1
14226,female,54,158.0,61.0,20.0,104.0,40.4,128.0,1
421959,male,25,181.0,83.0,23.0,103.0,40.7,121.0,1
674951,female,34,158.0,56.0,19.0,98.0,40.5,101.0,1
483714,female,41,154.0,54.0,30.0,108.0,40.9,203.0,1
357544,female,26,176.0,72.0,22.0,113.0,40.5,144.0,1
641051,female,42,152.0,50.0,7.0,85.0,39.4,30.0,0
281268,male,20,194.0,101.0,10.0,95.0,40.2,42.0,0
47028,male,42,191.0,98.0,26.0,116.0,40.9,223.0,1
561881,female,31,175.0,72.0,8.0,85.0,39.6,30.0,0
727800,male,40,191.0,92.0,28.0,104.0,40.8,177.0,1
612966,male,71,184.0,88.0,8.0,88.0,39.9,44.0,0
252434,female,36,172.0,68.0,14.0,89.0,40.3,64.0,0
187281,male,25,172.0,76.0,22.0,108.0,41.1,131.0,1
178478,female,40,178.0,78.0,2.0,89.0,38.0,8.0,0
205460,female,48,166.0,63.0,24.0,104.0,40.8,149.0,1
180903,female,35,166.0,68.0,23.0,101.0,40.5,129.0,1
423011,female,22,169.0,64.0,3.0,85.0,38.7,11.0,0
722693,male,61,196.0,96.0,28.0,109.0,40.9,227.0,1
488428,male,39,193.0,95.0,20.0,95.0,40.6,102.0,1
544220,female,44,167.0,63.0,24.0,103.0,40.7,145.0,1
186069,male,32,183.0,81.0,13.0,88.0,40.1,48.0,0
76198,female,61,161.0,64.0,19.0,102.0,40.7,117.0,1
360895,female,58,164.0,60.0,16.0,97.0,40.4,92.0,1
240131,male,44,174.0,76.0,8.0,82.0,39.5,23.0,0
372771,male,21,195.0,99.0,27.0,107.0,40.8,160.0,1
63524,female,79,168.0,69.0,3.0,74.0,39.0,12.0,0
133106,female,44,159.0,55.0,22.0,100.0,40.3,129.0,1
556361,female,22,154.0,61.0,24.0,103.0,40.8,140.0,1
282786,female,47,158.0,54.0,14.0,88.0,40.0,63.0,0
642413,female,32,163.0,61.0,7.0,91.0,39.4,32.0,0
571333,male,31,187.0,80.0,13.0,90.0,40.3,47.0,0
144911,female,54,158.0,56.0,17.0,95.0,40.1,91.0,1
287750,female,25,173.0,70.0,23.0,100.0,40.6,123.0,1
682281,female,52,158.0,60.0,13.0,84.0,40.1,55.0,0
370810,male,63,196.0,93.0,30.0,111.0,40.7,264.0,1
470286,male,28,177.0,77.0,29.0,115.0,40.8,203.0,1
29872,female,31,171.0,70.0,14.0,97.0,39.9,71.0,0
749975,female,52,161.0,60.0,17.0,94.0,40.4,89.0,1
191177,female,54,170.0,68.0,23.0,103.0,40.7,140.0,1
126819,male,36,194.0,92.0,19.0,101.0,40.4,108.0,1
585810,male,55,186.0,85.0,8.0,93.0,39.8,43.0,0
620044,male,28,175.0,80.0,25.0,110.0,40.6,165.0,1
202293,female,40,147.0,54.0,8.0,92.0,39.6,39.0,0
728404,female,46,176.0,72.0,13.0,95.0,39.8,68.0,0
404408,male,20,183.0,83.0,23.0,105.0,40.6,121.0,1
385476,female,25,154.0,55.0,10.0,90.0,39.7,44.0,0
275651,male,27,196.0,90.0,6.0,90.0,39.0,23.0,0
655902,male,61,196.0,102.0,25.0,108.0,41.0,210.0,1
335604,male,63,186.0,95.0,25.0,100.0,40.7,168.0,1
593752,male,22,169.0,69.0,4.0,77.0,39.1,6.0,0
182154,male,33,183.0,83.0,26.0,113.0,40.7,191.0,1
464382,male,64,182.0,83.0,15.0,95.0,40.2,93.0,1
46977,female,44,171.0,72.0,16.0,98.0,40.7,87.0,1
324399,male,52,185.0,87.0,15.0,95.0,40.0,83.0,0
667001,female,34,162.0,57.0,10.0,79.0,40.0,34.0,0
20544,male,51,174.0,85.0,22.0,102.0,40.5,136.0,1
660574,male,27,189.0,91.0,26.0,106.0,40.6,161.0,1
482390,female,27,161.0,62.0,24.0,97.0,40.8,124.0,1
604858,female,48,161.0,58.0,19.0,92.0,40.5,91.0,1
79023,female,62,170.0,69.0,3.0,73.0,38.2,10.0,0
160643,female,26,169.0,64.0,3.0,84.0,38.7,11.0,0
437551,male,23,177.0,74.0,21.0,104.0,40.5,110.0,1
375745,female,25,161.0,64.0,26.0,109.0,40.4,166.0,1
495372,female,45,162.0,60.0,20.0,102.0,40.4,120.0,1
598151,male,27,177.0,81.0,3.0,85.0,38.6,9.0,0
341663,male,34,184.0,89.0,8.0,85.0,39.6,26.0,0
230014,male,52,173.0,77.0,6.0,85.0,39.2,24.0,0
536358,female,50,165.0,59.0,8.0,92.0,39.7,38.0,0
609324,male,26,181.0,82.0,2.0,94.0,38.1,7.0,0
687904,female,60,183.0,81.0,7.0,87.0,39.5,30.0,0
43860,female,76,161.0,61.0,15.0,90.0,40.0,76.0,0
540038,male,21,181.0,79.0,11.0,94.0,39.6,43.0,0
284306,female,20,166.0,60.0,21.0,97.0,40.3,100.0,1
381789,male,25,193.0,99.0,27.0,105.0,40.7,161.0,1
536146,male,25,180.0,81.0,6.0,94.0,39.5,23.0,0
263341,male,46,179.0,81.0,9.0,88.0,39.4,37.0,0
16201,female,39,152.0,54.0,26.0,106.0,40.7,164.0,1
212454,male,35,186.0,88.0,9.0,85.0,39.8,30.0,0
398950,female,44,157.0,58.0,25.0,99.0,40.7,142.0,1
367992,female,23,168.0,60.0,28.0,113.0,41.0,173.0,1
449551,female,36,164.0,62.0,6.0,88.0,39.3,26.0,0
205335,female,41,178.0,73.0,30.0,105.0,41.4,180.0,1
524388,male,64,194.0,102.0,16.0,98.0,40.3,114.0,1
394288,male,64,183.0,86.0,27.0,110.0,40.9,229.0,1
371188,male,43,175.0,75.0,25.0,106.0,40.6,165.0,1
96228,male,55,202.0,103.0,19.0,105.0,40.1,143.0,1
402573,male,25,184.0,88.0,13.0,99.0,40.2,62.0,0
621933,female,21,153.0,57.0,7.0,83.0,39.4,22.0,0
165370,female,29,184.0,77.0,18.0,96.0,40.4,89.0,1
696806,female,69,159.0,60.0,25.0,104.0,40.8,168.0,1
220683,female,62,171.0,70.0,23.0,100.0,40.6,139.0,1
194561,female,32,153.0,54.0,19.0,102.0,40.6,109.0,1
522662,female,31,165.0,62.0,15.0,89.0,40.4,66.0,0
260806,male,47,181.0,83.0,13.0,89.0,40.3,60.0,0
383194,female,49,171.0,72.0,25.0,99.0,40.8,138.0,1
596655,male,56,179.0,83.0,11.0,78.0,39.9,40.0,0
741009,male,65,174.0,78.0,6.0,87.0,39.0,28.0,0
639307,female,48,158.0,61.0,10.0,97.0,39.9,53.0,0
1780,female,40,160.0,64.0,10.0,87.0,39.9,42.0,0
622518,female,45,156.0,58.0,7.0,80.0,39.5,25.0,0
633,male,54,186.0,93.0,10.0,90.0,39.7,49.0,0
410942,female,69,161.0,62.0,8.0,88.0,40.0,42.0,0
603499,male,67,190.0,94.0,28.0,105.0,40.9,229.0,1
313334,male,21,182.0,81.0,11.0,91.0,39.8,37.0,0
391621,female,22,150.0,52.0,23.0,99.0,40.7,125.0,1
237454,female,53,169.0,67.0,8.0,90.0,39.8,38.0,0
292990,female,62,169.0,68.0,6.0,82.0,39.3,25.0,0
426718,female,58,155.0,58.0,15.0,96.0,40.1,82.0,1
724514,female,21,169.0,68.0,23.0,103.0,41.0,133.0,1
444914,female,30,161.0,61.0,1.0,81.0,37.7,4.0,0
436122,female,74,159.0,60.0,14.0,89.0,40.0,73.0,0
363320,female,47,161.0,57.0,17.0,99.0,40.2,96.0,1
176972,female,52,149.0,54.0,2.0,74.0,38.4,6.0,0
308185,female,27,164.0,58.0,11.0,90.0,40.1,51.0,0
574975,male,41,178.0,78.0,23.0,104.0,40.4,143.0,1
107646,male,43,190.0,93.0,26.0,108.0,40.5,190.0,1
565681,male,29,170.0,69.0,12.0,99.0,39.9,54.0,0
114410,male,31,195.0,97.0,15.0,99.0,40.2,77.0,1
216481,female,25,159.0,59.0,21.0,94.0,40.6,105.0,1
532366,male,67,176.0,77.0,4.0,83.0,39.0,15.0,0
669674,female,37,162.0,64.0,21.0,102.0,40.3,125.0,1
425896,female,53,166.0,62.0,15.0,93.0,40.2,75.0,0
14521,female,26,181.0,78.0,1.0,75.0,37.5,3.0,0
423584,female,52,171.0,75.0,2.0,79.0,38.3,7.0,0
623862,female,42,178.0,72.0,2.0,70.0,38.3,6.0,0
284027,male,27,174.0,77.0,13.0,88.0,39.8,44.0,0
722534,male,42,186.0,88.0,15.0,96.0,40.1,79.0,0
490011,female,27,150.0,54.0,11.0,92.0,39.8,52.0,0
282595,male,46,171.0,77.0,30.0,107.0,40.6,209.0,1
94919,male,26,194.0,93.0,18.0,95.0,40.5,83.0,1
14129,male,32,185.0,86.0,28.0,112.0,41.2,204.0,1
285362,male,54,184.0,88.0,4.0,85.0,38.9,18.0,0
734345,female,39,159.0,64.0,22.0,96.0,40.7,119.0,1
631909,female,62,165.0,64.0,24.0,105.0,40.4,154.0,1
297829,female,55,161.0,64.0,18.0,99.0,40.7,104.0,1
485138,female,63,170.0,65.0,26.0,101.0,40.7,169.0,1
268483,male,51,189.0,98.0,18.0,100.0,40.5,122.0,1
594527,male,45,190.0,92.0,8.0,91.0,39.8,37.0,0
492405,male,39,181.0,82.0,24.0,90.0,40.5,102.0,1
688144,female,68,169.0,69.0,24.0,101.0,40.8,144.0,1
265418,male,29,179.0,79.0,14.0,97.0,40.4,63.0,0
398660,female,29,154.0,51.0,16.0,90.0,40.4,72.0,0
342279,female,26,161.0,57.0,25.0,104.0,40.9,145.0,1
275370,female,31,158.0,57.0,16.0,101.0,40.4,95.0,1
445591,female,51,173.0,73.0,23.0,97.0,41.0,127.0,1
319401,female,35,150.0,51.0,21.0,103.0,40.4,130.0,1
23335,male,56,176.0,79.0,7.0,85.0,39.4,28.0,0
479583,female,51,168.0,66.0,2.0,80.0,38.2,7.0,0
290458,male,32,187.0,93.0,18.0,96.0,40.4,85.0,1
660872,female,31,150.0,54.0,5.0,82.0,39.2,19.0,0
45463,male,79,205.0,103.0,11.0,97.0,40.4,84.0,0
579769,male,21,192.0,94.0,25.0,102.0,40.9,132.0,1
34205,male,35,192.0,94.0,17.0,100.0,40.4,95.0,1
29085,male,40,204.0,111.0,18.0,103.0,40.5,121.0,1
847,male,29,182.0,84.0,17.0,97.0,40.6,80.0,1
377134,female,26,168.0,64.0,9.0,92.0,39.4,38.0,0
250062,female,77,175.0,73.0,2.0,73.0,38.1,8.0,0
26813,female,34,150.0,49.0,26.0,111.0,40.8,180.0,1
685780,male,35,195.0,105.0,4.0,89.0,39.0,18.0,0
102683,male,50,187.0,96.0,28.0,103.0,40.7,192.0,1
380330,male,22,180.0,84.0,22.0,96.0,40.5,81.0,1
332453,female,42,172.0,68.0,8.0,85.0,39.5,33.0,0
234348,male,45,193.0,99.0,14.0,91.0,39.9,66.0,0
639531,male,75,200.0,99.0,28.0,109.0,41.1,251.0,1
458119,male,47,175.0,79.0,15.0,90.0,40.1,68.0,0
88857,male,22,180.0,80.0,2.0,77.0,38.4,2.0,0
13964,female,46,160.0,60.0,15.0,100.0,40.3,86.0,1
366428,male,23,178.0,78.0,29.0,110.0,40.8,180.0,1
605357,male,59,183.0,85.0,5.0,89.0,39.3,26.0,0
447907,female,40,181.0,76.0,28.0,102.0,40.7,159.0,1
640203,female,25,171.0,63.0,22.0,104.0,40.6,130.0,1
527629,male,36,188.0,88.0,13.0,103.0,39.7,78.0,0
597173,female,26,163.0,59.0,25.0,103.0,40.6,146.0,1
230040,male,42,181.0,80.0,25.0,108.0,40.8,171.0,1
573107,female,21,156.0,56.0,18.0,95.0,40.5,90.0,1
600071,female,61,171.0,71.0,12.0,93.0,39.9,62.0,0
312626,female,39,168.0,67.0,2.0,81.0,38.6,8.0,0
404066,male,38,168.0,71.0,4.0,84.0,39.1,13.0,0
288633,male,31,181.0,80.0,25.0,98.0,40.9,117.0,1
243246,male,48,178.0,79.0,11.0,91.0,40.1,49.0,0
513100,male,31,196.0,96.0,16.0,95.0,40.7,73.0,1
78993,female,24,170.0,66.0,18.0,100.0,40.5,93.0,1
387749,female,20,156.0,59.0,26.0,100.0,40.8,148.0,1
178745,female,45,170.0,69.0,23.0,102.0,40.5,134.0,1
26205,female,63,164.0,62.0,14.0,89.0,40.2,74.0,0
324107,female,34,185.0,78.0,6.0,84.0,39.1,22.0,0
568104,male,21,177.0,82.0,16.0,102.0,40.2,78.0,1
33104,male,67,159.0,62.0,20.0,96.0,40.1,123.0,1
120995,female,24,162.0,62.0,7.0,88.0,39.5,31.0,0
248335,female,55,156.0,56.0,18.0,98.0,40.3,106.0,1
265363,male,44,178.0,83.0,15.0,99.0,40.4,79.0,1
340342,female,70,184.0,85.0,5.0,82.0,38.7,21.0,0
676267,male,54,180.0,82.0,24.0,108.0,40.9,181.0,1
165460,male,46,190.0,94.0,16.0,98.0,40.6,90.0,1
460201,male,23,182.0,80.0,5.0,85.0,39.2,13.0,0
389019,female,71,171.0,70.0,13.0,96.0,40.1,73.0,0
640438,male,34,177.0,82.0,3.0,89.0,38.5,9.0,0
32629,female,25,167.0,67.0,25.0,100.0,40.8,131.0,1
108397,female,52,157.0,64.0,3.0,80.0,38.7,10.0,0
442910,female,62,161.0,62.0,26.0,113.0,40.9,190.0,1
72644,male,50,189.0,95.0,29.0,114.0,40.8,246.0,1
662008,male,55,195.0,101.0,18.0,95.0,40.5,111.0,1
146774,male,24,188.0,90.0,3.0,90.0,38.9,10.0,0
256249,male,22,196.0,92.0,21.0,97.0,40.3,94.0,1
61071,female,48,169.0,71.0,24.0,105.0,40.4,150.0,1
11362,female,41,164.0,68.0,21.0,103.0,40.4,125.0,1
330835,female,39,174.0,70.0,2.0,86.0,38.2,8.0,0
102249,female,48,154.0,56.0,4.0,80.0,38.8,15.0,0
246029,female,32,169.0,64.0,15.0,91.0,40.3,65.0,0
135398,female,31,173.0,75.0,2.0,77.0,38.9,6.0,0
646458,male,20,181.0,86.0,9.0,96.0,39.6,37.0,0
563342,male,42,183.0,91.0,6.0,82.0,39.1,19.0,0
322440,female,24,164.0,63.0,1.0,79.0,37.9,2.0,0
498582,male,32,174.0,79.0,29.0,108.0,40.9,189.0,1
272663,male,20,167.0,70.0,29.0,111.0,40.8,161.0,1
205415,male,31,184.0,87.0,19.0,96.0,40.7,91.0,1
282526,male,62,177.0,80.0,16.0,92.0,40.2,87.0,0
690356,female,33,162.0,59.0,3.0,87.0,38.3,12.0,0
425660,male,64,188.0,95.0,25.0,99.0,40.8,177.0,1
166419,female,55,169.0,65.0,28.0,114.0,40.7,209.0,1
36736,male,69,190.0,96.0,27.0,105.0,40.8,221.0,1
681121,female,61,178.0,79.0,19.0,107.0,40.7,132.0,1
100939,male,36,192.0,90.0,26.0,104.0,40.8,164.0,1
316381,female,58,172.0,67.0,11.0,97.0,39.8,61.0,0
87111,female,47,170.0,69.0,23.0,104.0,40.4,140.0,1
549505,male,58,196.0,97.0,12.0,95.0,39.8,68.0,0
277451,female,34,153.0,51.0,4.0,84.0,38.8,16.0,0
671541,male,39,187.0,92.0,11.0,87.0,39.8,41.0,0
120386,female,22,187.0,85.0,15.0,100.0,40.1,66.0,1
189516,male,54,191.0,91.0,24.0,95.0,40.4,151.0,1
722046,male,33,175.0,74.0,30.0,111.0,40.7,198.0,1
503318,female,40,169.0,69.0,13.0,100.0,40.2,70.0,1
405081,male,54,196.0,96.0,28.0,109.0,40.8,217.0,1
577983,female,25,164.0,60.0,4.0,76.0,39.2,13.0,0
695774,male,21,184.0,88.0,11.0,93.0,39.9,42.0,0
513706,male,26,162.0,60.0,14.0,87.0,40.2,57.0,0
103926,female,64,169.0,68.0,11.0,93.0,39.9,58.0,0
665836,male,65,183.0,88.0,4.0,81.0,39.0,17.0,0
447130,female,38,154.0,56.0,13.0,103.0,40.1,79.0,1
360794,female,60,160.0,56.0,28.0,107.0,40.8,188.0,1
183259,male,32,191.0,94.0,21.0,102.0,40.7,124.0,1
354859,male,23,185.0,84.0,11.0,88.0,39.8,35.0,0
275183,female,65,181.0,76.0,12.0,92.0,39.7,60.0,0
577138,male,30,184.0,87.0,22.0,98.0,40.7,111.0,1
484776,female,25,165.0,65.0,3.0,78.0,38.8,10.0,0
321691,female,46,164.0,59.0,29.0,113.0,41.0,206.0,1
435818,male,31,154.0,55.0,9.0,88.0,39.1,24.0,0
742745,male,44,173.0,78.0,6.0,81.0,39.7,19.0,0
651400,male,23,177.0,81.0,2.0,87.0,37.9,4.0,0
303922,male,39,194.0,99.0,6.0,84.0,39.3,20.0,0
625034,female,43,148.0,53.0,5.0,91.0,39.1,23.0,0
663043,male,26,192.0,93.0,13.0,91.0,40.3,49.0,0
607342,male,49,172.0,76.0,26.0,106.0,40.6,179.0,1
258519,male,32,193.0,92.0,19.0,94.0,40.5,94.0,1
697083,male,29,191.0,90.0,2.0,90.0,38.3,6.0,0
542992,female,46,170.0,64.0,14.0,96.0,40.1,73.0,0
192227,male,43,171.0,77.0,19.0,98.0,40.5,101.0,1
437259,male,79,186.0,83.0,27.0,113.0,41.0,265.0,1
482301,male,59,177.0,80.0,9.0,86.0,39.7,40.0,0
672993,male,42,176.0,80.0,10.0,77.0,39.7,24.0,0
671690,male,28,183.0,88.0,9.0,84.0,39.7,25.0,0
381608,female,48,157.0,54.0,12.0,83.0,40.2,47.0,0
532522,male,56,179.0,82.0,5.0,87.0,39.1,20.0,0
547538,female,20,177.0,72.0,8.0,93.0,39.5,29.0,0
637544,male,28,184.0,92.0,9.0,91.0,39.7,36.0,0
159698,male,55,189.0,93.0,22.0,97.0,40.7,136.0,1
483676,female,33,162.0,58.0,27.0,105.0,40.9,169.0,1
58837,female,31,171.0,68.0,1.0,84.0,37.7,3.0,0
277719,female,25,157.0,59.0,21.0,94.0,40.5,97.0,1
698188,male,23,185.0,83.0,30.0,107.0,40.9,174.0,1
579285,female,51,162.0,66.0,29.0,111.0,40.9,203.0,1
45887,female,36,164.0,61.0,18.0,96.0,41.0,91.0,1
22234,female,50,161.0,64.0,12.0,93.0,40.1,60.0,0
302073,female,38,158.0,61.0,5.0,74.0,39.5,12.0,0
306399,male,40,197.0,102.0,4.0,88.0,39.1,17.0,0
478395,female,68,163.0,64.0,8.0,86.0,39.6,38.0,0
639308,female,42,151.0,55.0,29.0,114.0,40.8,211.0,1
588360,female,37,155.0,57.0,27.0,109.0,40.9,178.0,1
41442,male,42,191.0,88.0,16.0,92.0,40.3,77.0,0
681462,female,35,167.0,65.0,23.0,102.0,40.6,131.0,1
508787,male,28,175.0,72.0,16.0,92.0,40.3,67.0,0
577513,female,25,161.0,61.0,30.0,108.0,40.9,192.0,1
282106,male,40,208.0,102.0,9.0,88.0,39.5,42.0,0
25201,female,20,170.0,68.0,22.0,101.0,40.6,110.0,1
189991,female,59,162.0,66.0,11.0,91.0,40.0,56.0,0
252214,female,72,159.0,57.0,29.0,115.0,40.9,231.0,1
118882,female,37,159.0,59.0,19.0,100.0,40.5,108.0,1
560486,female,51,166.0,64.0,11.0,87.0,39.9,49.0,0
718659,female,59,172.0,66.0,27.0,110.0,40.8,182.0,1
49233,male,21,195.0,96.0,11.0,91.0,40.1,39.0,0
303012,male,46,190.0,91.0,24.0,107.0,40.5,180.0,1
468506,female,50,177.0,73.0,9.0,89.0,39.8,41.0,0
75184,female,41,171.0,72.0,29.0,105.0,40.7,178.0,1
513163,female,20,169.0,68.0,25.0,107.0,40.6,146.0,1
499301,male,39,179.0,82.0,13.0,89.0,40.6,49.0,0
16815,female,64,173.0,71.0,28.0,110.0,40.9,193.0,1
447749,female,73,168.0,70.0,13.0,82.0,40.0,53.0,0
297854,male,71,201.0,103.0,7.0,80.0,39.6,34.0,0
570125,male,72,177.0,86.0,27.0,101.0,41.0,194.0,1
171732,male,52,172.0,77.0,8.0,96.0,39.7,45.0,0
195225,male,28,180.0,76.0,15.0,98.0,40.1,71.0,1
516124,female,58,163.0,61.0,25.0,102.0,40.7,156.0,1
93163,male,75,177.0,82.0,20.0,102.0,40.7,146.0,1
233078,female,32,163.0,59.0,5.0,79.0,39.1,17.0,0
252510,female,22,162.0,65.0,14.0,100.0,39.7,73.0,0
298080,female,20,166.0,57.0,23.0,112.0,40.7,154.0,1
616183,male,32,183.0,83.0,30.0,106.0,41.0,185.0,1
398920,female,65,173.0,73.0,2.0,72.0,38.2,5.0,0
73002,female,46,170.0,64.0,4.0,85.0,38.9,16.0,0
15403,female,32,160.0,59.0,17.0,93.0,40.6,82.0,1
176373,female,33,170.0,65.0,13.0,86.0,39.9,52.0,0
402969,male,22,192.0,98.0,4.0,87.0,39.0,13.0,0
38978,female,54,174.0,73.0,9.0,88.0,39.7,40.0,0
173512,male,53,176.0,82.0,26.0,105.0,40.7,179.0,1
548383,male,62,173.0,74.0,15.0,99.0,40.3,96.0,1
216183,male,38,170.0,68.0,18.0,91.0,40.6,78.0,1
733716,male,63,190.0,91.0,15.0,93.0,40.1,83.0,0
512382,female,50,166.0,65.0,1.0,84.0,37.1,4.0,0
205951,female,62,160.0,61.0,15.0,91.0,39.9,77.0,0
675532,female,53,160.0,58.0,14.0,94.0,40.2,72.0,0
402303,female,30,167.0,65.0,8.0,91.0,39.7,37.0,0
735288,male,40,169.0,64.0,26.0,103.0,40.4,164.0,1
554033,male,59,188.0,92.0,5.0,85.0,39.1,21.0,0
282425,female,35,161.0,66.0,11.0,92.0,40.2,52.0,0
328847,female,26,161.0,60.0,3.0,82.0,38.5,9.0,0
307743,male,22,187.0,88.0,12.0,96.0,40.3,53.0,0
290139,male,30,181.0,80.0,29.0,115.0,40.7,199.0,1
609446,female,32,159.0,63.0,3.0,74.0,38.3,9.0,0
51442,male,50,169.0,73.0,6.0,89.0,39.1,25.0,0
731402,female,41,149.0,54.0,6.0,91.0,39.5,31.0,0
128288,female,30,167.0,65.0,10.0,94.0,39.9,47.0,0
683455,female,33,152.0,53.0,25.0,101.0,40.9,144.0,1
26768,female,23,161.0,57.0,20.0,96.0,40.3,91.0,1
471057,male,27,194.0,95.0,8.0,94.0,39.5,32.0,0
472236,female,31,188.0,76.0,6.0,75.0,39.0,13.0,0
560774,male,41,187.0,92.0,14.0,102.0,40.0,85.0,1
136449,male,48,187.0,82.0,25.0,100.0,40.8,147.0,1
217202,female,47,167.0,67.0,8.0,83.0,39.7,31.0,0
747040,male,48,183.0,84.0,8.0,95.0,39.7,41.0,0
49573,female,21,168.0,66.0,13.0,89.0,39.9,56.0,0
608299,female,20,157.0,57.0,12.0,92.0,40.1,48.0,0
453681,female,36,167.0,63.0,9.0,85.0,39.7,37.0,0
344992,male,57,196.0,97.0,29.0,103.0,40.9,212.0,1
8951,male,44,176.0,76.0,17.0,97.0,40.3,88.0,1
116167,male,31,187.0,90.0,4.0,89.0,39.0,13.0,0
678663,male,29,179.0,79.0,17.0,90.0,40.8,61.0,1
159877,male,31,193.0,97.0,14.0,91.0,40.3,60.0,0
712102,male,21,187.0,87.0,23.0,99.0,40.8,105.0,1
417786,female,28,158.0,55.0,26.0,102.0,40.7,150.0,1
323349,female,50,169.0,70.0,21.0,102.0,40.9,127.0,1
650413,female,48,154.0,59.0,13.0,89.0,40.2,62.0,0
237794,male,50,197.0,102.0,6.0,81.0,39.1,21.0,0
403875,female,40,154.0,56.0,4.0,82.0,38.9,16.0,0
250873,female,55,156.0,59.0,16.0,93.0,40.2,84.0,1
284985,male,38,188.0,93.0,18.0,98.0,40.2,97.0,1
194879,female,38,156.0,51.0,7.0,87.0,39.7,30.0,0
215169,female,21,152.0,52.0,17.0,98.0,40.5,89.0,1
313297,female,72,161.0,62.0,15.0,104.0,40.5,106.0,1
38096,male,24,176.0,74.0,11.0,92.0,40.1,36.0,0
325688,female,54,163.0,63.0,24.0,106.0,40.7,151.0,1
299339,male,40,182.0,83.0,8.0,90.0,39.7,32.0,0
539229,male,45,188.0,83.0,6.0,82.0,39.5,19.0,0
331347,male,52,181.0,79.0,30.0,102.0,40.9,191.0,1
420894,female,35,155.0,52.0,5.0,83.0,39.3,18.0,0
76346,female,21,166.0,64.0,27.0,106.0,40.7,151.0,1
43545,female,34,168.0,62.0,21.0,106.0,40.8,131.0,1
286231,female,48,173.0,66.0,9.0,90.0,39.7,42.0,0
500462,female,56,159.0,64.0,8.0,90.0,39.5,40.0,0
417402,male,55,178.0,84.0,11.0,92.0,39.9,58.0,0
593090,female,20,163.0,58.0,9.0,91.0,39.9,40.0,0
639164,female,34,191.0,83.0,14.0,85.0,40.3,55.0,0
648832,male,27,187.0,87.0,11.0,97.0,40.0,52.0,0
189633,female,34,158.0,63.0,3.0,90.0,38.7,14.0,0
658393,male,45,177.0,84.0,2.0,82.0,37.9,6.0,0
457521,female,21,161.0,61.0,16.0,96.0,40.5,78.0,1
272417,female,63,169.0,69.0,12.0,94.0,40.4,64.0,0
603612,female,45,168.0,68.0,30.0,104.0,40.8,187.0,1
294759,male,62,186.0,88.0,29.0,110.0,40.8,236.0,1
669642,male,42,171.0,78.0,15.0,90.0,40.1,62.0,0
166071,female,33,156.0,56.0,26.0,110.0,40.8,175.0,1
665381,female,59,164.0,64.0,26.0,105.0,40.9,170.0,1
139740,female,29,160.0,58.0,24.0,109.0,40.6,157.0,1
265078,male,31,195.0,97.0,29.0,104.0,41.2,184.0,1
61221,male,51,186.0,88.0,28.0,114.0,41.1,232.0,1
706177,male,61,188.0,91.0,27.0,104.0,40.9,194.0,1
363454,male,27,180.0,83.0,4.0,83.0,38.9,7.0,0
659654,female,26,168.0,69.0,23.0,101.0,40.5,131.0,1
724816,male,40,193.0,94.0,23.0,99.0,40.9,132.0,1
397671,male,47,189.0,93.0,16.0,105.0,40.3,111.0,1
696626,female,39,160.0,59.0,16.0,96.0,40.3,78.0,1
490953,male,20,184.0,86.0,11.0,90.0,39.9,33.0,0
521905,female,42,174.0,71.0,12.0,95.0,40.2,59.0,0
227832,male,59,194.0,90.0,14.0,103.0,39.9,104.0,1
289096,male,42,176.0,79.0,13.0,93.0,40.1,60.0,0
227683,female,60,170.0,69.0,29.0,105.0,40.8,186.0,1
128657,female,25,166.0,60.0,21.0,100.0,40.5,116.0,1
206135,male,39,183.0,85.0,11.0,96.0,40.0,57.0,0
661515,female,23,153.0,53.0,25.0,108.0,40.5,159.0,1
587512,female,46,161.0,62.0,22.0,93.0,41.0,108.0,1
481729,male,28,183.0,85.0,7.0,91.0,39.5,26.0,0
119850,female,22,162.0,64.0,22.0,99.0,40.4,114.0,1
441313,female,22,151.0,52.0,19.0,100.0,40.1,105.0,1
598991,male,41,164.0,68.0,23.0,103.0,40.2,135.0,1
688810,male,40,191.0,91.0,14.0,96.0,40.2,74.0,0
154018,female,52,159.0,59.0,7.0,86.0,39.4,36.0,0
535961,male,54,170.0,70.0,6.0,82.0,39.5,20.0,0
442714,female,51,156.0,59.0,22.0,101.0,40.8,133.0,1
463950,female,28,169.0,68.0,24.0,105.0,40.7,141.0,1
599817,male,27,194.0,94.0,12.0,100.0,40.1,62.0,0
599719,female,56,174.0,73.0,6.0,91.0,39.4,29.0,0
40391,male,21,194.0,91.0,14.0,98.0,40.3,65.0,0
578655,male,32,181.0,84.0,14.0,91.0,40.3,58.0,0
325700,female,24,153.0,56.0,20.0,97.0,40.3,101.0,1
182023,female,22,148.0,53.0,9.0,85.0,39.3,35.0,0
564825,female,31,176.0,73.0,20.0,96.0,40.7,97.0,1
137184,male,48,187.0,87.0,13.0,91.0,40.0,61.0,0
297153,female,21,164.0,63.0,2.0,82.0,38.1,7.0,0
266148,female,22,155.0,56.0,2.0,68.0,38.1,3.0,0
273977,female,62,161.0,63.0,15.0,96.0,40.2,83.0,1
94677,female,23,164.0,62.0,22.0,107.0,40.4,136.0,1
713596,female,61,162.0,70.0,12.0,90.0,40.4,55.0,0
25241,female,42,161.0,57.0,3.0,82.0,38.9,11.0,0
130370,female,56,157.0,65.0,2.0,81.0,38.2,7.0,0
593074,male,40,198.0,99.0,19.0,103.0,40.4,120.0,1
54702,female,71,171.0,72.0,18.0,99.0,40.2,106.0,1
615246,female,72,160.0,60.0,5.0,73.0,39.0,18.0,0
474754,female,54,164.0,61.0,13.0,102.0,39.7,80.0,1
136328,female,41,169.0,68.0,26.0,111.0,40.6,175.0,1
283945,female,44,162.0,64.0,12.0,99.0,39.8,65.0,0
136033,female,22,163.0,57.0,28.0,105.0,40.6,169.0,1
480585,male,52,202.0,104.0,4.0,89.0,38.9,20.0,0
369400,male,20,190.0,93.0,4.0,85.0,38.9,11.0,0
8658,female,30,156.0,59.0,30.0,104.0,40.9,179.0,1
179127,male,66,190.0,94.0,11.0,89.0,40.0,60.0,0
200260,male,28,165.0,69.0,25.0,106.0,40.5,148.0,1
461348,male,43,187.0,87.0,19.0,103.0,40.4,117.0,1
49687,female,57,171.0,68.0,14.0,87.0,40.1,62.0,0
647002,female,44,169.0,65.0,25.0,112.0,40.9,171.0,1
469173,male,28,198.0,103.0,24.0,111.0,40.7,170.0,1
727187,male,42,182.0,85.0,25.0,110.0,40.6,175.0,1
682422,male,43,188.0,85.0,8.0,94.0,39.4,39.0,0
39809,female,58,147.0,51.0,26.0,105.0,40.8,169.0,1
413861,female,37,158.0,60.0,19.0,96.0,40.3,97.0,1
565620,female,27,162.0,60.0,28.0,96.0,41.0,141.0,1
684238,male,40,179.0,76.0,25.0,108.0,40.3,167.0,1
685175,male,43,199.0,103.0,15.0,95.0,40.2,83.0,0
609460,female,42,153.0,48.0,13.0,101.0,40.1,79.0,1
631791,male,74,190.0,95.0,8.0,94.0,40.1,56.0,0
107514,male,54,176.0,81.0,28.0,116.0,40.9,237.0,1
133390,female,35,170.0,70.0,21.0,93.0,40.5,99.0,1
328586,female,31,157.0,56.0,14.0,96.0,40.2,71.0,1
442089,male,48,183.0,90.0,12.0,86.0,40.1,51.0,0
90837,male,38,197.0,101.0,27.0,103.0,40.7,168.0,1
425564,female,51,167.0,67.0,23.0,106.0,40.8,146.0,1
61840,male,77,186.0,86.0,29.0,114.0,41.0,259.0,1
304660,male,60,186.0,91.0,19.0,98.0,40.4,126.0,1
262999,male,64,181.0,84.0,19.0,103.0,40.3,133.0,1
212942,female,44,169.0,68.0,26.0,109.0,40.5,174.0,1
169602,female,64,158.0,57.0,23.0,97.0,40.8,132.0,1
364213,male,20,196.0,92.0,20.0,91.0,40.5,71.0,1
434762,male,71,194.0,97.0,27.0,108.0,40.9,230.0,1
268874,female,61,161.0,64.0,18.0,102.0,40.2,113.0,1
159126,male,66,196.0,98.0,28.0,112.0,40.6,251.0,1
708888,female,47,153.0,54.0,27.0,106.0,40.6,179.0,1
218253,female,44,140.0,52.0,3.0,85.0,38.6,13.0,0
384254,female,22,153.0,55.0,29.0,111.0,40.7,184.0,1
515207,female,34,179.0,70.0,24.0,105.0,40.7,141.0,1
286919,male,32,161.0,62.0,3.0,81.0,38.3,7.0,0
13921,female,51,160.0,62.0,11.0,95.0,39.8,62.0,0
60187,female,45,149.0,50.0,6.0,90.0,39.1,30.0,0
534849,female,34,163.0,65.0,15.0,93.0,40.2,72.0,0
706401,female,53,168.0,62.0,2.0,79.0,38.1,6.0,0
506608,female,64,161.0,64.0,13.0,93.0,40.2,67.0,0
724316,male,26,181.0,81.0,18.0,106.0,40.4,104.0,1
671586,female,35,164.0,60.0,23.0,104.0,40.3,141.0,1
259071,male,48,179.0,82.0,11.0,92.0,39.3,54.0,0
625997,female,57,169.0,65.0,4.0,87.0,39.0,18.0,0
420728,female,32,147.0,51.0,29.0,112.0,40.9,203.0,1
55294,male,69,191.0,101.0,30.0,113.0,40.7,271.0,1
226821,female,71,159.0,59.0,15.0,97.0,40.3,91.0,1
297933,female,27,187.0,85.0,6.0,88.0,39.1,21.0,0
244192,female,40,164.0,62.0,10.0,89.0,39.7,45.0,0
21275,male,32,192.0,91.0,27.0,113.0,40.8,200.0,1
740201,male,36,193.0,92.0,26.0,102.0,40.9,152.0,1
559819,male,42,187.0,86.0,16.0,100.0,40.5,93.0,1
110430,female,38,158.0,55.0,18.0,91.0,40.6,83.0,1
48967,male,42,193.0,91.0,27.0,116.0,40.7,220.0,1
413201,male,27,169.0,72.0,22.0,108.0,40.6,122.0,1
263646,female,52,157.0,57.0,1.0,68.0,37.7,2.0,0
497263,female,23,162.0,58.0,13.0,94.0,40.0,62.0,0
266310,male,48,187.0,95.0,11.0,88.0,39.9,48.0,0
569546,male,59,171.0,74.0,18.0,89.0,40.6,91.0,1
382649,female,41,161.0,57.0,4.0,87.0,39.4,19.0,0
53199,female,26,170.0,67.0,27.0,101.0,40.8,144.0,1
273770,female,24,159.0,55.0,9.0,87.0,39.7,37.0,0
400520,male,63,195.0,95.0,10.0,97.0,39.7,77.0,0
636886,female,29,148.0,53.0,12.0,91.0,40.1,57.0,0
396761,male,79,176.0,83.0,24.0,104.0,40.7,195.0,1
8175,male,32,176.0,82.0,30.0,110.0,40.9,203.0,1
514894,male,52,179.0,84.0,29.0,107.0,40.8,216.0,1
113843,male,42,197.0,98.0,12.0,86.0,40.2,48.0,0
83058,male,40,184.0,83.0,27.0,100.0,40.6,154.0,1
280687,female,27,169.0,64.0,19.0,100.0,40.5,100.0,1
309805,female,22,168.0,65.0,19.0,99.0,40.2,100.0,1
533463,male,54,163.0,69.0,21.0,98.0,40.5,117.0,1
673888,male,27,186.0,89.0,7.0,84.0,39.6,19.0,0
644916,female,34,181.0,77.0,18.0,97.0,40.4,93.0,1
749518,male,30,177.0,82.0,19.0,102.0,40.4,106.0,1
209765,female,52,159.0,60.0,11.0,103.0,40.0,72.0,1
728817,female,40,161.0,64.0,12.0,96.0,40.1,63.0,0
691447,male,75,189.0,95.0,30.0,106.0,40.9,247.0,1
310896,male,51,194.0,96.0,2.0,80.0,38.2,7.0,0
261325,female,52,168.0,69.0,26.0,103.0,41.3,166.0,1
683183,male,31,183.0,90.0,16.0,87.0,40.4,56.0,0
749607,male,40,179.0,81.0,13.0,86.0,40.3,48.0,0
625392,male,20,187.0,89.0,25.0,107.0,40.7,144.0,1
354301,male,48,183.0,85.0,3.0,91.0,39.0,13.0,0
141764,female,22,173.0,66.0,20.0,97.0,40.5,92.0,1
166181,male,56,188.0,90.0,5.0,83.0,39.1,19.0,0
77114,female,32,160.0,57.0,26.0,100.0,40.7,144.0,1
408764,male,73,176.0,75.0,5.0,110.0,39.1,199.0,1
74069,female,43,158.0,56.0,27.0,110.0,41.2,187.0,1
247762,female,45,166.0,61.0,28.0,114.0,40.7,207.0,1
154268,female,50,163.0,64.0,22.0,108.0,40.7,150.0,1
320530,female,33,160.0,60.0,24.0,106.0,41.1,150.0,1
242472,female,65,163.0,61.0,26.0,100.0,40.7,159.0,1
36526,female,32,169.0,67.0,3.0,79.0,38.3,8.0,0
224777,female,28,191.0,87.0,18.0,100.0,40.4,91.0,1
110060,male,25,161.0,61.0,9.0,88.0,39.5,29.0,0
284069,female,45,166.0,68.0,19.0,100.0,40.5,109.0,1
86031,female,24,148.0,50.0,13.0,95.0,40.6,68.0,1
493436,female,50,169.0,69.0,24.0,105.0,40.7,151.0,1
637086,male,30,178.0,75.0,5.0,86.0,39.1,14.0,0
702592,female,47,166.0,62.0,22.0,105.0,40.2,139.0,1
596132,female,28,165.0,66.0,17.0,101.0,40.3,96.0,1
575859,female,22,169.0,64.0,19.0,96.0,40.6,92.0,1
278312,male,71,178.0,88.0,8.0,88.0,39.7,42.0,0
95165,female,54,153.0,52.0,20.0,96.0,40.7,112.0,1
619224,female,32,164.0,62.0,6.0,81.0,39.4,20.0,0
297284,male,20,194.0,91.0,19.0,94.0,40.5,78.0,1
708268,male,24,163.0,61.0,13.0,101.0,40.3,64.0,1
616041,male,39,181.0,85.0,4.0,94.0,39.2,17.0,0
451666,male,32,190.0,94.0,6.0,96.0,39.4,30.0,0
6985,female,54,157.0,56.0,21.0,103.0,40.5,134.0,1
506927,male,35,184.0,87.0,27.0,106.0,40.8,175.0,1
181308,female,29,152.0,51.0,19.0,101.0,40.4,103.0,1
155310,male,55,195.0,92.0,5.0,85.0,39.1,22.0,0
397092,female,41,176.0,69.0,24.0,105.0,40.7,147.0,1
399230,female,54,163.0,61.0,26.0,113.0,40.7,190.0,1
568809,male,43,181.0,87.0,29.0,110.0,41.0,220.0,1
534592,female,20,166.0,64.0,22.0,99.0,40.4,111.0,1
194896,male,62,192.0,100.0,21.0,97.0,40.4,137.0,1
164356,female,26,153.0,56.0,8.0,87.0,39.5,35.0,0
711727,male,64,183.0,87.0,19.0,100.0,40.5,133.0,1
299698,female,22,164.0,62.0,29.0,109.0,40.9,182.0,1
604766,male,56,178.0,81.0,9.0,87.0,39.8,39.0,0
159410,female,23,178.0,70.0,14.0,101.0,40.3,70.0,1
68878,male,47,184.0,86.0,29.0,108.0,41.0,206.0,1
303404,male,56,171.0,70.0,11.0,90.0,40.0,52.0,0
451378,male,50,174.0,80.0,8.0,91.0,39.5,37.0,0
471991,male,65,196.0,96.0,24.0,111.0,40.7,217.0,1
584656,female,45,158.0,61.0,23.0,103.0,40.5,139.0,1
612015,male,40,192.0,92.0,13.0,90.0,40.0,57.0,0
399392,male,25,189.0,88.0,23.0,104.0,40.5,133.0,1
669223,female,42,157.0,69.0,15.0,90.0,40.2,67.0,0
133982,male,38,187.0,85.0,12.0,83.0,40.2,33.0,0
164593,female,53,164.0,65.0,13.0,87.0,39.9,56.0,0
380744,female,39,162.0,58.0,10.0,99.0,39.6,55.0,0
325905,female,25,171.0,70.0,10.0,94.0,39.8,42.0,0
315479,male,30,177.0,83.0,24.0,101.0,40.7,133.0,1
290068,female,29,149.0,50.0,4.0,91.0,38.7,18.0,0
456206,female,42,154.0,52.0,6.0,82.0,39.9,23.0,0
180995,female,42,170.0,70.0,16.0,99.0,40.5,91.0,1
559359,female,39,179.0,77.0,2.0,83.0,37.9,7.0,0
174664,male,64,186.0,89.0,26.0,106.0,40.6,203.0,1
598922,female,29,161.0,60.0,26.0,105.0,40.7,156.0,1
625822,male,21,202.0,101.0,29.0,104.0,41.0,165.0,1
462151,male,53,179.0,85.0,21.0,104.0,40.5,139.0,1
328059,female,20,167.0,63.0,10.0,89.0,39.9,41.0,0
638721,female,26,161.0,63.0,22.0,110.0,40.8,142.0,1
293578,female,38,155.0,53.0,30.0,93.0,41.0,147.0,1
377283,female,46,170.0,66.0,15.0,97.0,40.4,83.0,1
331436,female,34,168.0,65.0,18.0,96.0,40.1,91.0,1
624529,male,27,179.0,79.0,11.0,101.0,40.0,59.0,0
677821,female,31,161.0,61.0,10.0,99.0,39.7,54.0,0
692139,male,32,186.0,85.0,27.0,105.0,40.7,163.0,1
160640,female,60,169.0,69.0,26.0,104.0,41.0,169.0,1
693226,female,44,164.0,63.0,21.0,97.0,40.6,113.0,1
518013,male,21,192.0,102.0,4.0,91.0,39.1,14.0,0
429612,male,21,183.0,84.0,11.0,88.0,39.9,31.0,0
312046,male,32,203.0,101.0,22.0,91.0,40.5,92.0,1
261637,male,39,192.0,94.0,14.0,97.0,39.9,74.0,0
155910,male,24,197.0,103.0,14.0,98.0,40.5,68.0,1
242936,male,54,179.0,80.0,11.0,77.0,39.9,32.0,0
260483,male,45,192.0,98.0,4.0,80.0,39.0,11.0,0
612842,male,41,175.0,77.0,30.0,104.0,41.0,180.0,1
722389,male,24,202.0,104.0,16.0,95.0,40.1,71.0,0
509436,female,55,180.0,76.0,5.0,88.0,38.9,24.0,0
21425,female,69,192.0,91.0,2.0,87.0,37.8,9.0,0
265583,female,49,159.0,61.0,11.0,101.0,40.0,65.0,0
432916,female,74,166.0,67.0,2.0,76.0,38.5,10.0,0
46292,female,45,164.0,60.0,14.0,99.0,40.2,78.0,1
160187,male,21,177.0,73.0,16.0,98.0,40.0,70.0,1
550918,male,44,172.0,78.0,4.0,85.0,38.8,13.0,0
236334,female,31,165.0,59.0,15.0,101.0,40.1,85.0,1
144780,female,24,174.0,69.0,14.0,90.0,40.1,56.0,0
301680,male,45,175.0,80.0,17.0,98.0,40.2,95.0,1
507758,female,26,161.0,60.0,7.0,87.0,39.4,30.0,0
531410,male,27,178.0,80.0,12.0,88.0,39.4,36.0,0
157864,female,59,151.0,52.0,5.0,95.0,39.1,28.0,0
612839,male,30,184.0,83.0,10.0,98.0,39.8,51.0,0
655110,male,48,187.0,95.0,10.0,94.0,40.0,52.0,0
617242,male,25,188.0,84.0,27.0,109.0,40.5,182.0,1
644312,female,60,164.0,59.0,25.0,105.0,40.6,165.0,1
40705,female,48,149.0,54.0,4.0,88.0,38.9,21.0,0
641555,female,48,169.0,70.0,20.0,104.0,40.7,124.0,1
241892,male,31,177.0,77.0,29.0,105.0,41.0,164.0,1
739758,male,32,169.0,75.0,19.0,99.0,40.3,96.0,1
89589,female,40,161.0,65.0,11.0,93.0,40.1,52.0,0
438428,female,56,149.0,54.0,24.0,105.0,40.5,160.0,1
523631,female,26,162.0,58.0,3.0,79.0,38.6,8.0,0
80802,female,55,171.0,68.0,28.0,114.0,40.8,209.0,1
32810,female,21,169.0,63.0,29.0,100.0,40.7,155.0,1
240576,male,61,193.0,99.0,24.0,102.0,40.4,175.0,1
336322,female,46,150.0,56.0,12.0,91.0,40.0,60.0,0
431706,male,47,187.0,89.0,28.0,105.0,40.9,190.0,1
741521,male,56,193.0,100.0,7.0,83.0,39.4,26.0,0
624813,female,40,158.0,62.0,12.0,96.0,40.1,61.0,0
73263,female,20,166.0,64.0,20.0,94.0,40.5,101.0,1
546850,female,65,187.0,84.0,17.0,99.0,40.3,96.0,1
338802,male,24,163.0,64.0,15.0,103.0,40.1,79.0,1
186700,female,56,169.0,75.0,16.0,91.0,40.4,78.0,0
387490,male,48,179.0,73.0,17.0,93.0,40.4,85.0,1
343963,female,21,166.0,61.0,10.0,88.0,39.4,39.0,0
669226,female,22,156.0,55.0,13.0,93.0,40.1,62.0,0
19308,male,32,189.0,95.0,10.0,92.0,39.7,44.0,0
7061,female,29,167.0,64.0,23.0,104.0,40.3,134.0,1
357426,female,33,152.0,52.0,6.0,88.0,38.9,26.0,0
552276,female,40,165.0,64.0,21.0,99.0,40.4,116.0,1
63897,male,54,179.0,79.0,17.0,101.0,40.4,106.0,1
204308,male,22,183.0,91.0,30.0,110.0,40.8,186.0,1
39905,female,40,167.0,67.0,6.0,86.0,39.4,23.0,0
306327,male,22,190.0,97.0,2.0,82.0,38.2,5.0,0
278550,male,24,196.0,101.0,8.0,87.0,39.6,24.0,0
340561,male,45,175.0,75.0,7.0,90.0,39.7,29.0,0
267965,female,44,156.0,57.0,2.0,79.0,38.5,7.0,0
321,male,54,169.0,73.0,5.0,90.0,39.4,25.0,0
177483,male,79,191.0,93.0,26.0,105.0,40.7,229.0,1
567603,female,39,160.0,61.0,19.0,92.0,40.5,92.0,1
525223,male,45,187.0,93.0,24.0,99.0,40.6,145.0,1
611553,male,67,183.0,87.0,7.0,84.0,39.5,33.0,0
551335,female,63,169.0,62.0,7.0,83.0,39.7,30.0,0
438442,male,20,187.0,82.0,30.0,113.0,40.9,187.0,1
106144,male,35,193.0,90.0,12.0,97.0,40.0,62.0,0
367574,female,26,178.0,74.0,10.0,94.0,39.5,46.0,0
545847,male,48,179.0,77.0,22.0,104.0,40.6,140.0,1
407525,male,37,176.0,81.0,8.0,89.0,39.9,32.0,0
44953,female,42,181.0,77.0,12.0,100.0,39.9,67.0,0
565003,female,55,163.0,67.0,3.0,83.0,38.6,12.0,0
99967,male,50,179.0,85.0,8.0,84.0,39.6,32.0,0
342974,female,48,151.0,54.0,14.0,97.0,40.2,77.0,1
306737,male,21,187.0,86.0,4.0,84.0,38.6,10.0,0
463166,male,48,187.0,101.0,5.0,80.0,39.0,18.0,0
268063,male,47,178.0,80.0,23.0,106.0,40.7,157.0,1
116204,female,48,169.0,70.0,6.0,85.0,39.3,24.0,0
190678,male,20,186.0,82.0,4.0,84.0,38.9,11.0,0
182342,male,26,180.0,85.0,22.0,105.0,40.7,123.0,1
374740,female,58,162.0,67.0,25.0,101.0,40.7,156.0,1
561749,female,35,165.0,73.0,8.0,94.0,39.4,38.0,0
223639,female,40,158.0,59.0,5.0,84.0,39.1,22.0,0
487210,female,68,162.0,67.0,13.0,97.0,39.8,73.0,0
593046,female,21,164.0,65.0,8.0,92.0,39.5,35.0,0
707110,female,35,175.0,74.0,20.0,106.0,40.5,123.0,1
543371,female,27,157.0,61.0,6.0,85.0,39.3,22.0,0
148447,male,76,176.0,83.0,29.0,109.0,40.7,245.0,1
644015,male,41,193.0,98.0,5.0,85.0,39.0,18.0,0
46886,male,33,190.0,98.0,3.0,72.0,38.5,3.0,0
226285,male,69,186.0,89.0,28.0,112.0,40.9,249.0,1
554603,male,48,175.0,79.0,17.0,93.0,40.3,82.0,1
260818,male,32,169.0,71.0,8.0,85.0,39.4,23.0,0
256095,female,61,173.0,75.0,19.0,102.0,40.5,117.0,1
535997,male,32,180.0,76.0,16.0,101.0,40.3,84.0,1
592351,male,63,191.0,88.0,9.0,95.0,39.7,56.0,0
531543,female,20,166.0,59.0,25.0,106.0,40.6,149.0,1
386880,male,32,181.0,81.0,20.0,98.0,40.5,94.0,1
272537,male,41,174.0,78.0,20.0,97.0,40.6,98.0,1
680898,male,72,194.0,97.0,25.0,107.0,40.9,211.0,1
248707,female,27,177.0,76.0,5.0,93.0,39.1,20.0,0
584899,male,33,181.0,82.0,8.0,88.0,39.5,29.0,0
458586,male,45,177.0,80.0,13.0,90.0,39.6,56.0,0
465189,male,27,188.0,83.0,23.0,105.0,40.6,133.0,1
645121,male,23,174.0,75.0,6.0,78.0,39.3,8.0,0
401304,male,56,196.0,97.0,15.0,90.0,40.1,74.0,0
695517,male,71,192.0,98.0,3.0,81.0,38.8,13.0,0
295154,male,62,178.0,82.0,7.0,87.0,39.4,30.0,0
337812,female,26,160.0,59.0,12.0,94.0,40.1,53.0,0
31062,female,40,161.0,58.0,14.0,90.0,40.4,64.0,0
541950,female,54,169.0,69.0,2.0,81.0,38.1,7.0,0
599613,female,40,169.0,70.0,8.0,85.0,39.8,32.0,0
172284,male,37,184.0,81.0,28.0,107.0,40.6,180.0,1
242152,female,66,179.0,75.0,30.0,110.0,41.1,220.0,1
443481,female,29,157.0,57.0,16.0,93.0,40.2,72.0,0
464098,male,35,175.0,74.0,18.0,102.0,40.2,99.0,1
297010,female,21,162.0,60.0,21.0,99.0,40.7,112.0,1
254402,male,20,170.0,64.0,25.0,99.0,40.3,108.0,1
578211,male,48,176.0,78.0,24.0,106.0,40.5,167.0,1
41331,male,79,158.0,60.0,24.0,104.0,40.9,189.0,1
502472,male,49,182.0,86.0,24.0,111.0,40.6,196.0,1
549018,female,74,158.0,60.0,23.0,101.0,40.7,146.0,1
681229,female,79,165.0,65.0,26.0,109.0,40.9,190.0,1
497552,male,74,190.0,90.0,28.0,109.0,41.0,246.0,1
492142,male,61,179.0,91.0,21.0,99.0,40.6,141.0,1
384157,male,36,193.0,94.0,8.0,95.0,39.5,40.0,0
211067,male,27,189.0,88.0,3.0,81.0,38.5,6.0,0
458998,male,47,196.0,100.0,17.0,95.0,40.1,95.0,1
394446,female,39,173.0,67.0,23.0,107.0,40.8,144.0,1
315370,female,26,160.0,60.0,16.0,94.0,40.1,78.0,1
510006,male,48,197.0,90.0,27.0,107.0,40.8,195.0,1
507647,female,57,173.0,72.0,8.0,91.0,39.9,40.0,0
619974,male,53,184.0,83.0,7.0,87.0,39.2,31.0,0
366253,male,48,192.0,91.0,1.0,80.0,37.4,3.0,0
3780,male,41,190.0,84.0,25.0,93.0,40.7,112.0,1
531868,female,45,158.0,58.0,26.0,101.0,40.5,151.0,1
251335,female,21,169.0,67.0,19.0,99.0,40.5,95.0,1
501694,male,67,189.0,97.0,25.0,103.0,40.8,190.0,1
7741,male,62,187.0,98.0,28.0,114.0,40.7,244.0,1
668166,female,67,167.0,67.0,2.0,81.0,38.4,8.0,0
529746,male,29,183.0,87.0,26.0,107.0,40.6,161.0,1
51125,male,69,187.0,83.0,4.0,83.0,38.7,19.0,0
434315,male,26,181.0,71.0,11.0,86.0,39.8,38.0,0
239584,male,21,180.0,88.0,10.0,94.0,39.8,38.0,0
533783,female,29,162.0,56.0,7.0,96.0,39.7,36.0,0
728974,female,42,169.0,62.0,4.0,81.0,38.8,14.0,0
117977,male,21,182.0,81.0,25.0,99.0,40.8,113.0,1
184421,male,23,167.0,67.0,14.0,99.0,40.1,59.0,0
322152,male,58,194.0,88.0,22.0,99.0,40.9,138.0,1
393557,male,56,189.0,91.0,10.0,101.0,39.8,68.0,0
464963,male,22,174.0,70.0,6.0,79.0,39.2,10.0,0
323147,male,52,173.0,74.0,7.0,94.0,39.7,37.0,0
278093,female,45,171.0,64.0,2.0,79.0,38.3,7.0,0
105888,male,35,164.0,58.0,3.0,86.0,37.8,9.0,0
193694,female,28,179.0,74.0,22.0,94.0,40.4,102.0,1
370663,male,41,191.0,95.0,18.0,101.0,40.3,108.0,1
257726,female,55,151.0,56.0,12.0,94.0,40.1,62.0,0
313336,female,38,166.0,61.0,13.0,91.0,40.5,61.0,0
688412,male,29,176.0,77.0,7.0,84.0,39.5,20.0,0
621316,female,64,161.0,61.0,18.0,95.0,40.5,99.0,1
293608,male,41,183.0,79.0,16.0,93.0,40.4,70.0,0
679430,female,21,158.0,54.0,26.0,106.0,40.7,157.0,1
436438,male,34,179.0,73.0,20.0,101.0,40.4,108.0,1
558942,female,29,172.0,72.0,23.0,100.0,40.8,125.0,1
520469,female,49,151.0,52.0,8.0,89.0,39.7,37.0,0
551480,female,79,171.0,72.0,18.0,104.0,40.7,125.0,1
97041,male,42,196.0,96.0,28.0,100.0,41.1,159.0,1
239215,female,70,187.0,81.0,4.0,78.0,39.2,13.0,0
353438,male,39,184.0,94.0,26.0,102.0,40.4,159.0,1
603607,female,30,158.0,56.0,20.0,95.0,40.8,103.0,1
11219,female,34,166.0,64.0,17.0,91.0,40.2,75.0,0
80366,female,48,161.0,61.0,19.0,100.0,40.1,109.0,1
517214,female,64,161.0,61.0,13.0,93.0,40.2,70.0,0
587898,female,60,173.0,69.0,6.0,82.0,39.2,24.0,0
644987,male,35,199.0,98.0,15.0,93.0,40.3,71.0,0
514987,male,21,182.0,84.0,16.0,96.0,40.8,70.0,1
640220,male,75,186.0,83.0,10.0,94.0,39.7,64.0,0
81616,male,37,197.0,93.0,12.0,96.0,40.0,59.0,0
213251,male,24,177.0,81.0,4.0,77.0,38.9,7.0,0
733546,male,48,192.0,95.0,4.0,87.0,39.0,17.0,0
737697,female,20,156.0,60.0,10.0,91.0,39.9,43.0,0
132276,female,34,175.0,82.0,20.0,100.0,40.5,105.0,1
158765,male,72,181.0,88.0,29.0,101.0,40.8,222.0,1
717227,male,23,187.0,83.0,1.0,80.0,37.7,2.0,0
260662,female,60,165.0,63.0,9.0,96.0,40.1,52.0,0
70131,male,48,199.0,99.0,9.0,95.0,39.7,50.0,0
621566,male,24,170.0,76.0,14.0,83.0,40.2,33.0,0
545163,female,63,157.0,58.0,26.0,111.0,40.6,194.0,1
526352,female,64,156.0,64.0,16.0,101.0,40.3,98.0,1
371812,male,48,178.0,81.0,16.0,92.0,40.1,76.0,0
243156,male,25,195.0,85.0,12.0,91.0,39.4,44.0,0
150604,male,70,182.0,87.0,9.0,89.0,39.8,48.0,0
703279,male,31,190.0,94.0,21.0,103.0,40.1,119.0,1
196148,female,49,161.0,62.0,2.0,84.0,38.2,8.0,0
283849,male,46,176.0,83.0,15.0,98.0,40.4,83.0,1
738002,male,56,181.0,87.0,18.0,107.0,40.2,137.0,1
524523,male,51,187.0,88.0,3.0,81.0,38.9,10.0,0
239162,male,58,165.0,74.0,26.0,113.0,40.6,216.0,1
666633,female,25,156.0,54.0,5.0,86.0,39.2,21.0,0
72341,male,40,196.0,101.0,29.0,113.0,40.8,238.0,1
260384,female,34,157.0,54.0,16.0,88.0,40.6,65.0,0
201004,male,45,192.0,92.0,6.0,81.0,39.4,21.0,0
191727,male,41,189.0,89.0,16.0,100.0,40.3,92.0,1
105336,female,40,161.0,64.0,18.0,98.0,40.3,97.0,1
3284,female,59,161.0,63.0,2.0,84.0,38.6,8.0,0
128504,female,22,162.0,58.0,12.0,90.0,39.8,47.0,0
449373,male,54,187.0,92.0,22.0,100.0,40.7,143.0,1
574239,female,49,186.0,83.0,9.0,85.0,39.8,35.0,0
400955,female,38,176.0,71.0,17.0,96.0,40.3,86.0,1
588821,male,40,191.0,93.0,14.0,98.0,39.9,76.0,0
401723,female,36,167.0,63.0,15.0,96.0,40.0,75.0,0
735137,male,32,172.0,79.0,19.0,99.0,40.5,93.0,1
715570,male,73,177.0,83.0,24.0,108.0,40.7,204.0,1
176847,female,28,164.0,62.0,8.0,97.0,39.7,41.0,0
601397,female,36,171.0,70.0,12.0,103.0,40.3,70.0,1
619929,male,40,187.0,90.0,20.0,99.0,40.6,110.0,1
374677,female,56,160.0,58.0,21.0,98.0,40.5,119.0,1
351252,male,62,183.0,81.0,6.0,85.0,39.3,26.0,0
67919,male,72,165.0,71.0,17.0,86.0,40.3,86.0,0
140535,male,65,181.0,83.0,22.0,107.0,40.9,172.0,1
352106,female,55,150.0,54.0,19.0,96.0,40.6,106.0,1
664327,male,21,187.0,90.0,11.0,82.0,39.9,23.0,0
275074,male,44,181.0,87.0,28.0,108.0,40.6,202.0,1
624184,female,48,158.0,61.0,3.0,89.0,38.5,14.0,0
418939,male,52,189.0,94.0,6.0,91.0,39.4,31.0,0
328605,female,48,160.0,60.0,25.0,114.0,40.7,187.0,1
85780,male,67,176.0,85.0,23.0,111.0,40.9,191.0,1
604788,female,59,163.0,62.0,18.0,96.0,40.5,102.0,1
159721,male,54,187.0,88.0,10.0,89.0,39.9,48.0,0
362055,female,26,180.0,73.0,18.0,100.0,40.4,90.0,1
202511,female,35,163.0,61.0,23.0,105.0,40.8,142.0,1
357038,male,27,182.0,82.0,15.0,90.0,40.2,48.0,0
340179,male,51,208.0,117.0,28.0,112.0,41.1,254.0,1
744322,male,56,190.0,91.0,1.0,83.0,37.9,4.0,0
555321,female,60,164.0,64.0,4.0,86.0,38.8,18.0,0
321400,male,41,170.0,73.0,25.0,107.0,40.7,164.0,1
489948,female,38,173.0,69.0,12.0,88.0,39.8,52.0,0
372428,male,40,191.0,89.0,7.0,83.0,39.4,24.0,0
487764,female,50,175.0,71.0,2.0,85.0,38.0,6.0,0
430235,male,52,176.0,76.0,22.0,105.0,40.7,148.0,1
336506,male,61,181.0,85.0,27.0,107.0,40.7,210.0,1
67947,male,42,182.0,85.0,20.0,99.0,40.5,112.0,1
625016,female,32,162.0,60.0,12.0,94.0,39.6,59.0,0
687075,male,21,183.0,88.0,5.0,82.0,39.2,10.0,0
530723,female,65,175.0,73.0,7.0,93.0,39.4,37.0,0
701462,female,50,166.0,64.0,2.0,88.0,38.0,9.0,0
238405,male,40,172.0,78.0,11.0,96.0,39.9,52.0,0
567868,female,47,151.0,48.0,24.0,101.0,40.7,147.0,1
252130,female,63,151.0,56.0,25.0,114.0,40.4,190.0,1
338152,female,21,171.0,62.0,4.0,73.0,39.1,9.0,0
718293,female,57,167.0,65.0,25.0,106.0,40.8,163.0,1
431875,male,23,173.0,71.0,16.0,96.0,40.1,79.0,1
92473,male,61,201.0,101.0,28.0,112.0,40.8,242.0,1
386211,male,44,174.0,78.0,22.0,102.0,40.3,131.0,1
201274,female,37,174.0,72.0,8.0,85.0,39.5,29.0,0
708967,female,39,168.0,60.0,24.0,111.0,40.6,161.0,1
434622,male,55,183.0,85.0,25.0,103.0,40.9,178.0,1
483038,male,39,190.0,94.0,13.0,98.0,40.1,70.0,0
585519,female,43,166.0,63.0,18.0,101.0,40.3,105.0,1
656094,female,21,161.0,60.0,19.0,102.0,40.7,107.0,1
639765,male,55,191.0,88.0,16.0,95.0,40.0,92.0,0
142597,male,38,193.0,93.0,16.0,97.0,40.6,88.0,1
705886,male,61,195.0,91.0,23.0,106.0,40.7,178.0,1
306538,male,42,181.0,85.0,27.0,109.0,40.7,190.0,1
222189,female,53,171.0,69.0,11.0,93.0,39.6,57.0,0
445325,female,32,150.0,51.0,1.0,82.0,37.7,4.0,0
28074,female,62,149.0,53.0,25.0,106.0,40.4,173.0,1
338789,male,40,173.0,75.0,5.0,92.0,39.3,20.0,0
376192,female,39,167.0,64.0,21.0,99.0,40.9,115.0,1
680289,male,58,173.0,74.0,17.0,92.0,40.4,88.0,1
71315,female,53,164.0,62.0,27.0,110.0,40.7,187.0,1
199641,female,49,163.0,63.0,20.0,96.0,40.4,108.0,1
345800,male,48,192.0,93.0,18.0,96.0,40.4,101.0,1
172706,male,40,183.0,85.0,4.0,92.0,39.0,19.0,0
86634,female,21,179.0,68.0,15.0,98.0,40.6,73.0,1
510554,male,26,188.0,93.0,23.0,108.0,40.7,146.0,1
465305,male,31,189.0,81.0,19.0,96.0,40.6,91.0,1
246951,male,62,191.0,99.0,12.0,91.0,40.0,67.0,0
392472,male,51,176.0,75.0,15.0,97.0,40.5,83.0,1
437373,female,33,174.0,73.0,23.0,97.0,40.6,111.0,1
235072,female,59,157.0,59.0,11.0,94.0,40.0,60.0,0
632309,female,27,150.0,51.0,28.0,110.0,40.8,182.0,1
67361,male,35,187.0,87.0,10.0,91.0,39.7,42.0,0
612331,male,51,186.0,90.0,14.0,96.0,40.1,79.0,0
515898,male,33,176.0,75.0,28.0,113.0,41.2,205.0,1
363281,female,42,153.0,52.0,6.0,91.0,39.0,30.0,0
619662,male,39,187.0,85.0,18.0,97.0,40.5,93.0,1
155772,male,35,178.0,80.0,27.0,109.0,40.6,181.0,1
448750,male,59,198.0,102.0,8.0,93.0,39.7,50.0,0
208648,female,39,163.0,60.0,16.0,96.0,40.6,84.0,1
652499,female,39,165.0,66.0,18.0,98.0,40.6,97.0,1
10915,male,31,182.0,81.0,21.0,99.0,40.7,105.0,1
179181,male,58,184.0,92.0,19.0,103.0,40.5,133.0,1
245437,male,22,171.0,74.0,6.0,87.0,39.5,16.0,0
590962,female,38,164.0,61.0,3.0,86.0,38.8,12.0,0
647622,male,53,194.0,99.0,17.0,95.0,40.5,93.0,1
223722,female,58,158.0,59.0,6.0,89.0,39.6,28.0,0
663264,female,30,172.0,71.0,26.0,112.0,40.6,174.0,1
269853,male,61,186.0,88.0,7.0,81.0,39.5,27.0,0
658042,female,27,163.0,62.0,26.0,105.0,40.8,154.0,1
521723,female,61,155.0,57.0,20.0,101.0,40.7,121.0,1
148957,male,21,191.0,90.0,29.0,113.0,40.8,196.0,1
434916,male,59,180.0,85.0,25.0,98.0,40.7,154.0,1
693537,male,47,173.0,75.0,29.0,116.0,40.7,237.0,1
158751,female,48,159.0,64.0,12.0,91.0,40.3,57.0,0
726177,female,21,157.0,62.0,2.0,88.0,37.7,7.0,0
196079,female,41,168.0,64.0,13.0,93.0,39.7,61.0,0
24286,female,61,174.0,71.0,12.0,92.0,40.1,59.0,0
465540,male,39,191.0,102.0,25.0,101.0,40.8,156.0,1
526260,female,32,176.0,71.0,19.0,96.0,40.4,94.0,1
87952,male,46,192.0,98.0,24.0,111.0,40.4,191.0,1
571766,female,38,152.0,58.0,11.0,81.0,39.5,42.0,0
494773,male,49,184.0,87.0,26.0,103.0,40.4,175.0,1
622418,female,53,174.0,70.0,15.0,96.0,40.3,80.0,1
646397,female,45,158.0,61.0,10.0,89.0,39.7,45.0,0
137966,female,26,170.0,66.0,22.0,98.0,40.7,121.0,1
287160,female,32,176.0,74.0,23.0,107.0,40.6,144.0,1
169130,female,40,161.0,61.0,25.0,102.0,40.5,148.0,1
713394,female,77,159.0,57.0,26.0,113.0,40.7,208.0,1
524620,male,23,187.0,81.0,12.0,85.0,39.8,31.0,0
388805,female,33,185.0,75.0,17.0,95.0,40.3,82.0,1
340082,female,21,176.0,72.0,4.0,88.0,38.7,17.0,0
33577,male,71,187.0,91.0,10.0,88.0,39.9,55.0,0
122360,female,47,184.0,79.0,21.0,104.0,40.3,121.0,1
400051,female,57,173.0,69.0,28.0,112.0,40.8,201.0,1
154347,male,32,175.0,77.0,26.0,105.0,40.7,153.0,1
460744,male,24,199.0,104.0,4.0,88.0,39.0,14.0,0
457459,female,54,157.0,64.0,18.0,99.0,40.5,104.0,1
545807,male,43,191.0,92.0,3.0,86.0,38.6,12.0,0
129122,female,25,182.0,71.0,19.0,99.0,40.7,98.0,1
277580,male,58,183.0,89.0,27.0,114.0,40.8,230.0,1
184388,male,35,182.0,84.0,8.0,81.0,39.5,24.0,0
678792,female,68,153.0,54.0,15.0,89.0,40.3,77.0,0
466306,male,42,183.0,92.0,7.0,88.0,39.7,30.0,0
100536,female,37,163.0,59.0,13.0,92.0,39.9,62.0,0
507210,female,50,180.0,75.0,25.0,104.0,40.7,151.0,1
161837,male,61,179.0,81.0,20.0,101.0,40.8,135.0,1
317714,female,21,154.0,54.0,3.0,83.0,38.6,8.0,0
359104,female,36,167.0,63.0,3.0,77.0,38.5,9.0,0
575057,male,54,181.0,85.0,25.0,103.0,40.7,172.0,1
709141,female,30,163.0,63.0,12.0,91.0,40.3,55.0,0
118658,male,37,191.0,96.0,14.0,87.0,40.0,52.0,0
101691,male,22,185.0,82.0,6.0,86.0,39.4,18.0,0
83371,female,44,167.0,64.0,19.0,103.0,40.5,113.0,1
200647,male,36,179.0,81.0,16.0,100.0,40.4,87.0,1
555228,male,29,192.0,92.0,30.0,107.0,40.6,184.0,1
338168,female,26,171.0,66.0,27.0,112.0,40.7,186.0,1
162411,male,42,201.0,102.0,2.0,78.0,37.6,6.0,0
210365,male,22,198.0,100.0,27.0,103.0,40.6,150.0,1
437866,female,25,157.0,63.0,22.0,104.0,40.6,130.0,1
150098,female,25,158.0,60.0,22.0,104.0,40.4,128.0,1
658555,male,41,180.0,83.0,25.0,112.0,40.8,185.0,1
245332,female,31,167.0,61.0,3.0,77.0,38.7,9.0,0
251850,female,58,170.0,69.0,21.0,100.0,40.9,125.0,1
96315,male,69,191.0,91.0,1.0,91.0,37.9,5.0,0
356243,female,31,172.0,70.0,15.0,96.0,40.0,72.0,0
518853,female,28,170.0,65.0,2.0,78.0,37.9,5.0,0
593597,female,24,174.0,68.0,24.0,104.0,40.7,137.0,1
432749,female,27,182.0,78.0,13.0,100.0,40.4,68.0,1
383916,male,34,180.0,76.0,9.0,87.0,39.9,28.0,0
505569,male,25,195.0,99.0,27.0,110.0,40.7,182.0,1
555769,male,50,190.0,91.0,25.0,104.0,40.8,182.0,1
84716,male,26,184.0,79.0,1.0,85.0,37.5,3.0,0
69145,female,61,151.0,56.0,20.0,92.0,40.5,107.0,1
736828,male,77,195.0,93.0,7.0,77.0,39.7,25.0,0
78883,female,40,159.0,59.0,20.0,96.0,40.9,105.0,1
541807,male,30,184.0,85.0,4.0,81.0,38.8,8.0,0
440576,male,36,198.0,104.0,14.0,93.0,40.4,67.0,0
732924,female,35,166.0,58.0,29.0,108.0,40.9,190.0,1
406505,female,29,148.0,53.0,19.0,97.0,40.3,100.0,1
383219,female,51,196.0,93.0,14.0,99.0,40.1,78.0,0
641245,male,38,183.0,88.0,6.0,90.0,39.4,25.0,0
188675,female,38,171.0,70.0,14.0,102.0,40.8,81.0,1
651086,male,24,181.0,78.0,10.0,90.0,39.7,37.0,0
518282,female,50,171.0,63.0,25.0,107.0,40.7,164.0,1
734646,female,50,152.0,51.0,25.0,100.0,40.7,150.0,1
435101,male,42,193.0,91.0,16.0,86.0,40.5,64.0,0
287440,male,54,192.0,97.0,13.0,99.0,40.2,81.0,1
625587,female,31,156.0,54.0,10.0,81.0,39.6,32.0,0
663301,male,55,197.0,97.0,4.0,80.0,38.8,13.0,0
338579,female,73,168.0,67.0,3.0,75.0,38.6,10.0,0
482195,male,75,181.0,80.0,26.0,113.0,40.9,236.0,1
477702,male,30,182.0,79.0,12.0,90.0,40.0,43.0,0
342166,male,36,184.0,83.0,25.0,104.0,40.6,153.0,1
578066,female,61,155.0,58.0,17.0,100.0,40.1,103.0,1
72914,female,41,169.0,62.0,4.0,83.0,39.0,15.0,0
631248,male,58,172.0,77.0,4.0,91.0,38.7,20.0,0
659163,male,60,173.0,78.0,25.0,104.0,40.8,171.0,1
574838,male,35,190.0,93.0,25.0,100.0,40.7,143.0,1
3496,female,54,158.0,57.0,10.0,95.0,39.7,55.0,0
194529,female,32,164.0,59.0,8.0,87.0,39.5,34.0,0
503173,female,68,153.0,60.0,17.0,95.0,40.3,97.0,1
197555,male,48,193.0,99.0,15.0,100.0,40.1,95.0,1
55813,male,44,174.0,78.0,28.0,110.0,40.7,201.0,1
192627,female,40,169.0,65.0,7.0,92.0,39.7,35.0,0
49543,male,54,183.0,90.0,8.0,82.0,39.4,31.0,0
548320,male,33,187.0,91.0,15.0,92.0,40.2,65.0,0
470170,female,54,152.0,51.0,4.0,79.0,39.0,15.0,0
393689,male,29,192.0,91.0,24.0,115.0,40.7,171.0,1
63326,female,44,163.0,57.0,19.0,103.0,40.3,117.0,1
450862,male,61,194.0,95.0,6.0,88.0,39.4,31.0,0
77378,female,24,176.0,71.0,6.0,86.0,39.0,25.0,0
594813,male,53,190.0,94.0,13.0,91.0,40.1,68.0,0
687965,female,74,165.0,65.0,24.0,103.0,40.6,159.0,1
31307,female,68,172.0,72.0,27.0,104.0,40.7,169.0,1
29318,male,50,193.0,91.0,26.0,111.0,40.9,206.0,1
413823,male,45,161.0,64.0,9.0,87.0,39.5,30.0,0
512610,female,20,185.0,74.0,18.0,91.0,40.6,76.0,1
114536,male,62,183.0,85.0,9.0,86.0,39.9,43.0,0
159921,female,48,165.0,62.0,2.0,77.0,38.2,7.0,0
427251,female,50,153.0,54.0,3.0,92.0,38.4,15.0,0
665163,male,65,191.0,96.0,29.0,112.0,40.7,253.0,1
447140,male,24,188.0,82.0,22.0,99.0,40.6,110.0,1
377500,female,73,154.0,56.0,26.0,107.0,40.8,185.0,1
544761,female,33,171.0,67.0,26.0,105.0,40.8,162.0,1
701410,female,47,158.0,54.0,11.0,94.0,39.9,60.0,0
76582,female,35,174.0,72.0,5.0,88.0,39.2,19.0,0
496202,male,42,179.0,77.0,29.0,108.0,40.8,198.0,1
722218,female,74,162.0,64.0,9.0,91.0,39.7,49.0,0
470597,male,39,183.0,80.0,12.0,91.0,39.9,49.0,0
232891,female,51,168.0,65.0,3.0,78.0,38.7,10.0,0
8017,female,24,168.0,63.0,2.0,88.0,38.5,8.0,0
435619,male,25,170.0,72.0,10.0,90.0,39.4,32.0,0
8807,male,41,190.0,95.0,1.0,79.0,38.0,4.0,0
103188,male,26,185.0,89.0,12.0,96.0,40.3,53.0,0
180648,female,34,169.0,64.0,29.0,110.0,40.4,186.0,1
357782,male,25,195.0,94.0,28.0,111.0,40.7,185.0,1
609485,female,30,157.0,58.0,5.0,89.0,39.2,20.0,0
494213,male,26,168.0,67.0,12.0,88.0,40.5,39.0,0
84448,male,56,175.0,79.0,18.0,106.0,40.5,130.0,1
290289,female,44,182.0,72.0,22.0,104.0,40.9,133.0,1
738572,female,33,167.0,62.0,25.0,107.0,40.8,160.0,1
149159,male,39,181.0,81.0,21.0,101.0,40.5,116.0,1
260488,female,54,161.0,64.0,7.0,82.0,39.8,28.0,0
464205,female,53,157.0,61.0,3.0,78.0,38.6,11.0,0
176545,female,20,148.0,50.0,27.0,105.0,40.7,165.0,1
277700,female,39,156.0,61.0,17.0,96.0,40.4,88.0,1
649171,female,48,158.0,56.0,13.0,93.0,40.0,66.0,0
98902,male,58,175.0,76.0,14.0,89.0,40.1,73.0,0
274533,female,32,160.0,59.0,22.0,106.0,40.7,136.0,1
244033,female,47,158.0,59.0,24.0,99.0,41.0,133.0,1
590067,male,61,173.0,72.0,10.0,96.0,39.9,56.0,0
195870,male,45,188.0,89.0,19.0,99.0,40.5,114.0,1
450163,male,60,187.0,92.0,26.0,109.0,41.2,215.0,1
332546,male,62,191.0,96.0,26.0,105.0,40.8,207.0,1
559500,female,20,150.0,49.0,14.0,90.0,40.3,60.0,0
395106,male,61,198.0,98.0,14.0,102.0,40.2,96.0,1
517572,female,29,161.0,64.0,14.0,90.0,40.3,61.0,0
566714,female,51,149.0,53.0,3.0,73.0,38.3,9.0,0
494945,female,44,162.0,62.0,23.0,94.0,40.9,114.0,1
597004,male,32,193.0,102.0,1.0,87.0,37.4,4.0,0
725443,female,73,168.0,63.0,20.0,107.0,40.3,138.0,1
5812,female,34,168.0,67.0,29.0,109.0,40.6,188.0,1
667754,female,39,164.0,59.0,22.0,103.0,40.7,133.0,1
49932,female,20,161.0,61.0,11.0,91.0,40.0,47.0,0
82187,female,46,176.0,71.0,5.0,89.0,38.9,23.0,0
562208,female,32,161.0,60.0,10.0,99.0,39.7,54.0,0
20762,male,33,198.0,98.0,26.0,104.0,40.6,165.0,1
696107,male,27,176.0,81.0,20.0,95.0,40.2,84.0,1
550890,male,27,196.0,99.0,4.0,90.0,38.6,15.0,0
27204,female,29,165.0,65.0,2.0,72.0,38.1,6.0,0
690122,female,44,175.0,73.0,13.0,93.0,40.2,66.0,0
375785,male,37,192.0,94.0,1.0,79.0,37.9,3.0,0
365183,female,44,158.0,61.0,10.0,93.0,39.6,50.0,0
735498,female,21,176.0,71.0,23.0,104.0,40.7,130.0,1
376964,male,40,182.0,84.0,8.0,85.0,39.5,26.0,0
385865,female,37,161.0,67.0,10.0,94.0,39.8,52.0,0
731236,female,47,159.0,57.0,20.0,97.0,40.3,113.0,1
625908,male,20,191.0,91.0,15.0,96.0,40.3,66.0,0
383927,female,22,159.0,61.0,9.0,88.0,40.0,37.0,0
736463,female,21,162.0,57.0,16.0,90.0,40.3,75.0,0
154612,male,45,180.0,77.0,16.0,86.0,40.0,61.0,0
314750,male,59,207.0,104.0,6.0,82.0,39.2,26.0,0
166046,male,65,189.0,91.0,26.0,108.0,40.7,220.0,1
228242,male,61,183.0,89.0,28.0,110.0,40.8,230.0,1
587509,male,53,191.0,98.0,12.0,91.0,40.0,65.0,0
339954,female,65,158.0,52.0,25.0,110.0,40.5,182.0,1
716899,female,20,162.0,51.0,22.0,94.0,40.5,99.0,1
268545,male,26,184.0,83.0,8.0,83.0,39.8,19.0,0
85805,female,74,161.0,61.0,4.0,87.0,38.6,20.0,0
564608,male,63,193.0,96.0,12.0,89.0,39.8,65.0,0
601245,female,51,174.0,71.0,22.0,104.0,40.8,136.0,1
3603,female,29,185.0,79.0,5.0,92.0,39.2,21.0,0
388808,female,41,156.0,59.0,3.0,77.0,39.0,11.0,0
463024,female,77,160.0,62.0,22.0,108.0,40.4,157.0,1
327331,female,53,159.0,65.0,29.0,115.0,40.7,212.0,1
724895,female,57,161.0,57.0,19.0,99.0,40.5,112.0,1
194456,male,79,195.0,103.0,17.0,95.0,40.7,121.0,1
281549,female,57,164.0,60.0,5.0,83.0,38.5,21.0,0
251354,female,36,157.0,60.0,8.0,78.0,39.6,25.0,0
566379,male,50,196.0,102.0,2.0,76.0,38.2,6.0,0
210752,female,33,175.0,71.0,25.0,107.0,40.5,155.0,1
712697,male,21,182.0,79.0,25.0,102.0,40.8,120.0,1
40706,female,74,172.0,73.0,8.0,89.0,39.5,41.0,0
331071,female,26,171.0,70.0,24.0,103.0,41.0,138.0,1
671192,female,58,154.0,57.0,4.0,80.0,38.9,13.0,0
65142,male,22,187.0,88.0,13.0,96.0,40.1,58.0,0
703871,male,60,183.0,83.0,5.0,80.0,39.3,19.0,0
379809,female,55,167.0,70.0,15.0,96.0,40.3,84.0,1
141431,female,71,172.0,72.0,20.0,105.0,40.5,137.0,1
561762,male,43,191.0,87.0,25.0,115.0,40.9,199.0,1
646272,female,55,164.0,68.0,7.0,86.0,39.5,31.0,0
89659,male,43,189.0,88.0,29.0,109.0,40.7,214.0,1
443411,male,21,201.0,102.0,10.0,93.0,39.9,40.0,0
544905,female,29,170.0,64.0,25.0,102.0,40.6,139.0,1
244729,female,23,162.0,71.0,16.0,98.0,40.3,82.0,1
552184,male,71,154.0,59.0,22.0,112.0,40.7,176.0,1
335653,female,70,171.0,69.0,5.0,85.0,39.2,23.0,0
742860,female,39,168.0,64.0,2.0,92.0,38.7,10.0,0
621440,male,41,185.0,90.0,24.0,100.0,40.8,138.0,1
186816,male,40,191.0,91.0,14.0,99.0,40.3,78.0,1
261081,male,73,188.0,89.0,27.0,103.0,40.9,214.0,1
217321,female,22,151.0,54.0,16.0,98.0,40.1,86.0,1
453625,male,32,187.0,89.0,15.0,91.0,40.1,60.0,0
140752,male,40,179.0,82.0,6.0,89.0,39.4,25.0,0
585410,female,26,161.0,60.0,6.0,88.0,39.1,24.0,0
120050,male,20,185.0,85.0,18.0,102.0,40.5,92.0,1
115876,male,39,173.0,82.0,27.0,112.0,40.5,200.0,1
735405,female,31,160.0,63.0,8.0,91.0,39.6,36.0,0
213052,male,36,193.0,92.0,24.0,103.0,40.9,144.0,1
618404,female,42,166.0,61.0,28.0,111.0,40.6,193.0,1
601984,male,62,179.0,83.0,6.0,88.0,39.4,30.0,0
533724,male,39,189.0,98.0,4.0,93.0,39.0,20.0,0
97496,male,37,178.0,84.0,20.0,98.0,40.4,105.0,1
152374,female,37,166.0,62.0,21.0,100.0,40.5,117.0,1
158055,male,21,191.0,88.0,12.0,91.0,39.8,36.0,0
458984,female,23,157.0,56.0,25.0,116.0,40.8,176.0,1
724041,female,20,163.0,67.0,22.0,101.0,40.6,119.0,1
691502,male,32,180.0,78.0,6.0,86.0,39.4,20.0,0
583964,female,22,179.0,73.0,13.0,88.0,40.0,50.0,0
127954,male,35,197.0,102.0,14.0,82.0,40.2,42.0,0
3280,female,34,175.0,72.0,1.0,84.0,37.8,4.0,0
377567,male,42,206.0,101.0,7.0,89.0,39.6,31.0,0
63420,male,45,182.0,81.0,7.0,93.0,39.7,36.0,0
186657,female,61,174.0,70.0,7.0,87.0,39.4,32.0,0
129756,male,39,187.0,91.0,26.0,105.0,40.9,170.0,1
616386,male,68,176.0,73.0,24.0,102.0,40.7,165.0,1
31941,female,56,155.0,58.0,22.0,109.0,40.6,152.0,1
579754,male,21,181.0,79.0,6.0,79.0,39.4,10.0,0
105395,male,21,177.0,83.0,9.0,90.0,39.5,29.0,0
270270,male,72,175.0,80.0,27.0,107.0,40.9,234.0,1
231672,male,25,182.0,81.0,4.0,89.0,38.9,13.0,0
548829,male,21,194.0,90.0,6.0,89.0,39.2,22.0,0
199796,male,25,190.0,96.0,24.0,101.0,40.6,135.0,1
561112,male,20,191.0,92.0,14.0,95.0,39.9,57.0,0
255112,female,70,172.0,74.0,26.0,103.0,40.8,171.0,1
199169,female,35,161.0,58.0,8.0,83.0,39.9,29.0,0
397746,female,31,166.0,61.0,27.0,107.0,40.8,174.0,1
293014,female,21,170.0,68.0,21.0,103.0,40.6,117.0,1
664251,male,53,180.0,83.0,10.0,93.0,40.0,54.0,0
592575,female,53,161.0,61.0,28.0,112.0,40.8,211.0,1
649936,female,67,169.0,68.0,14.0,92.0,40.1,73.0,0
48488,female,45,164.0,63.0,26.0,100.0,40.7,150.0,1
226110,female,68,169.0,71.0,12.0,87.0,39.7,55.0,0
474088,female,56,175.0,73.0,20.0,96.0,40.4,108.0,1
577984,female,41,165.0,62.0,4.0,87.0,39.2,17.0,0
675624,female,74,158.0,57.0,11.0,92.0,40.0,60.0,0
465748,female,38,151.0,59.0,13.0,90.0,39.8,61.0,0
453203,female,28,170.0,72.0,12.0,96.0,39.9,60.0,0
604032,male,54,182.0,83.0,19.0,97.0,40.5,109.0,1
86885,male,56,187.0,88.0,12.0,94.0,40.0,74.0,0
335980,male,26,196.0,93.0,12.0,89.0,40.1,43.0,0
175453,male,62,183.0,92.0,28.0,109.0,40.9,228.0,1
236391,male,72,186.0,92.0,29.0,110.0,41.1,247.0,1
552059,male,24,178.0,81.0,9.0,93.0,39.7,35.0,0
164914,male,24,178.0,85.0,12.0,98.0,39.9,52.0,0
524347,female,20,154.0,54.0,22.0,94.0,40.5,96.0,1
148526,male,69,177.0,85.0,26.0,102.0,40.9,192.0,1
685696,male,63,187.0,91.0,26.0,110.0,40.6,228.0,1
641457,male,44,178.0,80.0,1.0,83.0,37.9,3.0,0
281484,female,40,162.0,61.0,30.0,109.0,41.0,199.0,1
276588,female,35,158.0,57.0,24.0,101.0,40.7,136.0,1
253235,female,23,169.0,65.0,23.0,96.0,40.6,111.0,1
30058,female,36,191.0,79.0,10.0,90.0,39.8,44.0,0
14868,male,38,197.0,101.0,2.0,91.0,38.0,9.0,0
30069,male,50,192.0,92.0,6.0,89.0,39.1,26.0,0
240237,female,33,162.0,60.0,5.0,87.0,39.2,20.0,0
126611,female,59,160.0,62.0,23.0,96.0,40.3,122.0,1
403902,male,27,170.0,75.0,29.0,113.0,40.9,189.0,1
258911,female,26,160.0,54.0,16.0,93.0,40.3,74.0,1
240950,male,23,202.0,96.0,22.0,101.0,40.7,115.0,1
291182,female,37,175.0,70.0,27.0,111.0,40.8,180.0,1
530306,male,35,184.0,86.0,25.0,104.0,40.4,150.0,1
60033,female,39,156.0,55.0,17.0,96.0,40.6,90.0,1
693521,male,60,191.0,94.0,2.0,79.0,38.0,8.0,0
322416,male,43,182.0,83.0,10.0,99.0,40.1,57.0,0
568732,male,67,162.0,67.0,13.0,89.0,40.0,64.0,0
183979,male,42,199.0,102.0,5.0,82.0,39.4,18.0,0
554821,male,41,180.0,83.0,6.0,87.0,39.3,23.0,0
632594,male,25,184.0,84.0,16.0,103.0,40.5,81.0,1
729740,female,22,167.0,60.0,17.0,98.0,40.5,89.0,1
614823,female,44,159.0,64.0,21.0,98.0,40.7,112.0,1
250050,female,50,169.0,67.0,30.0,115.0,40.8,214.0,1
33482,male,52,194.0,89.0,6.0,88.0,39.2,29.0,0
683495,male,40,198.0,96.0,15.0,94.0,40.1,72.0,0
663241,male,57,185.0,85.0,26.0,108.0,41.3,203.0,1
92141,male,45,174.0,77.0,24.0,103.0,40.7,146.0,1
538775,female,64,151.0,50.0,6.0,87.0,39.1,29.0,0
519662,male,55,187.0,91.0,15.0,100.0,40.5,102.0,1
346697,male,47,194.0,92.0,5.0,85.0,39.4,20.0,0
743347,male,45,183.0,86.0,4.0,83.0,38.8,14.0,0
329804,male,65,185.0,82.0,2.0,75.0,38.3,5.0,0
345151,male,58,182.0,87.0,17.0,96.0,40.2,96.0,1
383907,male,48,191.0,92.0,15.0,92.0,40.3,76.0,0
457744,female,27,154.0,57.0,13.0,89.0,39.7,56.0,0
654746,female,32,159.0,57.0,28.0,105.0,41.2,173.0,1
200223,male,65,182.0,85.0,6.0,90.0,39.4,32.0,0
128522,male,50,192.0,93.0,23.0,111.0,40.8,182.0,1
642198,female,68,155.0,55.0,24.0,106.0,41.0,165.0,1
545860,male,48,191.0,94.0,17.0,91.0,40.0,83.0,0
333812,female,40,163.0,62.0,16.0,98.0,40.6,88.0,1
322509,female,51,187.0,76.0,1.0,80.0,37.9,4.0,0
575411,female,23,163.0,58.0,10.0,97.0,39.8,53.0,0
323534,male,61,183.0,91.0,8.0,80.0,39.6,29.0,0
378474,male,23,191.0,94.0,17.0,106.0,40.4,101.0,1
73559,female,21,159.0,67.0,26.0,112.0,40.6,171.0,1
569809,male,43,191.0,90.0,9.0,88.0,39.7,38.0,0
585691,male,31,183.0,83.0,22.0,107.0,40.5,138.0,1
437451,female,40,164.0,64.0,20.0,93.0,40.6,101.0,1
167573,male,29,184.0,89.0,8.0,92.0,39.5,34.0,0
704555,female,54,157.0,54.0,29.0,101.0,40.8,181.0,1
506674,female,29,166.0,64.0,9.0,84.0,39.7,33.0,0
547385,female,26,170.0,66.0,16.0,90.0,40.2,70.0,0
100733,male,68,185.0,89.0,14.0,94.0,40.2,81.0,0
419559,male,42,197.0,102.0,30.0,110.0,41.0,230.0,1
426410,female,25,176.0,65.0,28.0,109.0,40.6,175.0,1
573188,male,26,187.0,91.0,15.0,89.0,40.1,54.0,0
327087,female,24,175.0,69.0,28.0,111.0,41.2,182.0,1
733773,female,22,151.0,48.0,5.0,79.0,38.9,15.0,0
141497,female,21,157.0,54.0,16.0,98.0,40.5,86.0,1
171735,female,22,157.0,54.0,20.0,97.0,40.3,102.0,1
234143,male,36,188.0,92.0,21.0,103.0,40.7,127.0,1
418125,female,50,171.0,68.0,19.0,102.0,40.3,116.0,1
587228,male,32,192.0,99.0,26.0,113.0,40.5,189.0,1
436158,female,58,161.0,62.0,18.0,107.0,40.2,119.0,1
651001,male,55,174.0,75.0,26.0,109.0,40.8,199.0,1
250944,male,79,180.0,90.0,24.0,107.0,40.6,205.0,1
585446,female,40,169.0,69.0,11.0,92.0,39.8,50.0,0
687913,female,51,174.0,73.0,18.0,94.0,40.0,90.0,1
478743,male,47,182.0,82.0,3.0,72.0,38.7,4.0,0
390204,female,20,166.0,64.0,13.0,85.0,40.0,47.0,0
573450,female,38,169.0,68.0,26.0,100.0,40.6,146.0,1
219262,male,58,196.0,96.0,15.0,95.0,40.5,89.0,1
324161,female,50,161.0,62.0,8.0,87.0,39.7,36.0,0
697325,female,22,160.0,56.0,19.0,103.0,40.7,108.0,1
492307,male,34,200.0,99.0,20.0,103.0,40.7,122.0,1
533542,female,37,165.0,66.0,22.0,104.0,40.7,136.0,1
341294,female,29,164.0,66.0,23.0,100.0,40.7,126.0,1
293527,female,30,167.0,59.0,30.0,108.0,41.0,195.0,1
680426,male,28,187.0,83.0,16.0,96.0,40.3,69.0,1
7268,male,35,185.0,93.0,19.0,98.0,40.4,104.0,1
656751,female,21,150.0,56.0,23.0,99.0,40.9,124.0,1
470451,male,57,172.0,76.0,20.0,97.0,40.2,119.0,1
4578,male,33,185.0,89.0,4.0,87.0,38.7,13.0,0
558855,female,44,156.0,61.0,26.0,97.0,40.9,141.0,1
414110,female,32,162.0,59.0,5.0,89.0,39.4,24.0,0
9940,female,51,169.0,69.0,3.0,94.0,38.7,15.0,0
104293,female,37,181.0,75.0,11.0,92.0,39.7,51.0,0
467031,female,70,170.0,73.0,29.0,111.0,40.9,205.0,1
19733,male,51,189.0,98.0,17.0,101.0,40.3,111.0,1
169306,female,44,175.0,74.0,14.0,91.0,39.9,65.0,0
32119,female,38,167.0,63.0,12.0,92.0,39.9,57.0,0
375880,female,45,154.0,56.0,4.0,90.0,39.4,18.0,0
394550,male,27,180.0,85.0,12.0,91.0,39.5,44.0,0
46389,female,58,177.0,76.0,29.0,108.0,40.8,189.0,1
277093,male,49,174.0,74.0,24.0,105.0,40.7,160.0,1
56966,male,39,189.0,88.0,21.0,99.0,40.4,117.0,1
354220,female,64,174.0,69.0,1.0,83.0,37.7,4.0,0
111104,male,39,182.0,89.0,7.0,94.0,39.6,36.0,0
205000,female,38,159.0,56.0,3.0,80.0,38.9,11.0,0
228226,female,54,191.0,94.0,28.0,101.0,40.9,164.0,1
311937,female,62,184.0,83.0,4.0,91.0,38.8,21.0,0
653117,male,45,182.0,81.0,22.0,103.0,40.8,139.0,1
313540,male,52,185.0,91.0,27.0,109.0,40.8,210.0,1
497735,female,38,176.0,70.0,27.0,108.0,40.8,172.0,1
239570,female,25,159.0,59.0,2.0,74.0,38.2,6.0,0
365614,male,74,193.0,94.0,28.0,104.0,40.8,229.0,1
710670,female,51,149.0,54.0,1.0,87.0,37.7,4.0,0
719384,female,78,162.0,64.0,25.0,105.0,40.8,175.0,1
74635,female,62,176.0,76.0,8.0,85.0,39.5,34.0,0
308494,male,54,175.0,74.0,8.0,81.0,39.7,26.0,0
507946,female,33,161.0,65.0,20.0,94.0,40.6,103.0,1
542268,female,43,151.0,54.0,15.0,87.0,40.2,67.0,0
196903,male,34,188.0,88.0,13.0,95.0,40.2,59.0,0
358785,male,67,188.0,92.0,2.0,81.0,38.2,7.0,0
434207,male,32,184.0,84.0,15.0,99.0,40.4,77.0,1
467870,male,58,185.0,89.0,9.0,87.0,39.5,41.0,0
543409,male,41,181.0,81.0,27.0,108.0,40.5,189.0,1
170125,male,50,177.0,81.0,3.0,86.0,38.5,13.0,0
190406,male,63,194.0,97.0,24.0,106.0,40.7,196.0,1
591093,male,54,194.0,98.0,5.0,86.0,39.1,22.0,0
41469,female,32,168.0,58.0,2.0,91.0,38.3,9.0,0
269203,female,52,162.0,58.0,19.0,93.0,40.3,96.0,1
478248,female,36,158.0,62.0,23.0,102.0,40.4,133.0,1
699057,female,36,179.0,72.0,13.0,91.0,40.0,60.0,0
685894,male,31,182.0,80.0,10.0,94.0,39.7,45.0,0
156697,male,52,177.0,74.0,18.0,105.0,40.6,121.0,1
48403,male,36,194.0,97.0,8.0,81.0,39.7,23.0,0
727801,female,54,161.0,62.0,25.0,101.0,40.8,151.0,1
94032,male,62,194.0,92.0,14.0,96.0,40.5,86.0,1
451402,female,61,162.0,55.0,20.0,104.0,40.6,128.0,1
198865,male,50,173.0,72.0,19.0,100.0,40.4,114.0,1
85674,female,39,169.0,67.0,17.0,97.0,40.4,90.0,1
376900,male,24,182.0,81.0,21.0,104.0,40.6,113.0,1
592142,male,20,181.0,78.0,9.0,87.0,39.7,28.0,0
684363,male,37,182.0,82.0,8.0,80.0,39.5,20.0,0
594855,male,48,191.0,99.0,13.0,89.0,40.4,61.0,0
747699,male,21,198.0,104.0,7.0,79.0,39.9,14.0,0
82967,male,36,182.0,88.0,7.0,91.0,39.7,29.0,0
579316,male,45,182.0,85.0,12.0,91.0,39.9,55.0,0
702688,female,20,172.0,71.0,17.0,95.0,40.5,78.0,1
47646,male,41,171.0,77.0,30.0,107.0,40.9,203.0,1
647172,female,55,163.0,63.0,9.0,91.0,39.4,45.0,0
53518,male,50,174.0,74.0,24.0,108.0,40.8,171.0,1
57784,female,66,159.0,58.0,28.0,107.0,40.8,193.0,1
205517,male,56,185.0,89.0,20.0,101.0,40.6,128.0,1
650302,male,21,206.0,102.0,5.0,81.0,39.0,11.0,0
517094,male,78,177.0,82.0,28.0,116.0,40.9,257.0,1
102207,male,20,173.0,75.0,14.0,97.0,40.3,58.0,0
286947,male,28,185.0,87.0,12.0,97.0,39.9,63.0,0
449939,female,53,170.0,70.0,26.0,113.0,40.7,189.0,1
98114,female,34,176.0,74.0,15.0,97.0,40.2,77.0,1
254564,female,29,152.0,53.0,26.0,100.0,40.9,145.0,1
733469,male,27,195.0,101.0,23.0,103.0,40.7,131.0,1
465078,male,62,166.0,68.0,12.0,91.0,39.7,58.0,0
192372,male,38,176.0,74.0,5.0,81.0,39.1,13.0,0
173461,male,48,177.0,80.0,20.0,104.0,40.5,125.0,1
147754,female,48,165.0,61.0,17.0,88.0,40.6,78.0,1
274094,male,41,183.0,88.0,10.0,90.0,39.9,43.0,0
304411,male,54,198.0,97.0,25.0,111.0,40.6,206.0,1
537306,male,42,202.0,102.0,21.0,103.0,40.5,139.0,1
502756,male,31,182.0,83.0,10.0,86.0,39.9,31.0,0
700078,female,30,151.0,60.0,14.0,94.0,40.4,68.0,1
195998,male,26,170.0,75.0,7.0,83.0,39.2,18.0,0
452518,male,62,182.0,84.0,7.0,91.0,39.8,45.0,0
226148,male,43,189.0,88.0,5.0,83.0,39.0,15.0,0
375925,female,35,165.0,64.0,4.0,83.0,39.1,15.0,0
513083,female,44,165.0,65.0,5.0,82.0,39.5,19.0,0
205944,male,52,189.0,93.0,25.0,104.0,40.7,175.0,1
474704,female,26,153.0,54.0,10.0,89.0,39.6,43.0,0
458190,male,28,183.0,79.0,27.0,115.0,40.5,206.0,1
71334,female,53,154.0,55.0,17.0,92.0,40.5,89.0,1
340310,male,44,187.0,89.0,24.0,105.0,40.6,159.0,1
300247,female,29,166.0,68.0,17.0,95.0,40.0,83.0,1
451661,female,46,164.0,61.0,17.0,101.0,40.2,103.0,1
162069,female,29,157.0,56.0,9.0,87.0,39.8,38.0,0
85147,male,38,191.0,94.0,25.0,97.0,40.9,129.0,1
47917,female,41,167.0,67.0,9.0,87.0,39.4,38.0,0
207491,female,27,168.0,67.0,24.0,108.0,40.9,154.0,1
609796,male,21,176.0,76.0,3.0,89.0,38.7,10.0,0
731714,male,40,191.0,92.0,2.0,81.0,38.0,6.0,0
444658,female,39,161.0,57.0,16.0,99.0,40.0,91.0,1
460864,female,60,163.0,63.0,28.0,106.0,40.8,187.0,1
264523,female,48,156.0,50.0,17.0,91.0,40.1,85.0,1
224733,male,31,182.0,88.0,22.0,104.0,40.7,129.0,1
669281,male,21,182.0,80.0,10.0,89.0,39.8,31.0,0
631845,female,67,176.0,76.0,6.0,82.0,39.3,26.0,0
742945,female,51,180.0,75.0,10.0,89.0,39.7,45.0,0
419354,female,62,162.0,59.0,4.0,92.0,39.2,21.0,0
712630,female,79,168.0,68.0,15.0,96.0,40.1,89.0,1
49740,female,22,168.0,64.0,11.0,95.0,39.9,46.0,0
374950,female,29,176.0,70.0,27.0,105.0,40.6,164.0,1
723295,male,51,192.0,97.0,23.0,104.0,40.6,155.0,1
608780,female,35,153.0,52.0,25.0,98.0,40.3,134.0,1
196874,male,26,191.0,84.0,1.0,78.0,37.7,2.0,0
562817,female,36,161.0,68.0,7.0,78.0,39.7,24.0,0
602098,female,27,169.0,69.0,12.0,90.0,39.5,51.0,0
647405,male,30,193.0,93.0,11.0,96.0,39.6,55.0,0
587162,male,35,178.0,79.0,18.0,99.0,40.1,99.0,1
605590,female,41,169.0,70.0,5.0,77.0,39.1,15.0,0
371391,female,37,169.0,64.0,24.0,103.0,40.9,139.0,1
422345,female,26,169.0,64.0,21.0,100.0,40.7,115.0,1
596025,female,51,177.0,70.0,16.0,94.0,40.5,80.0,1
327399,male,26,193.0,99.0,10.0,88.0,39.7,36.0,0
710838,female,69,169.0,74.0,17.0,103.0,40.6,117.0,1
300350,male,43,167.0,69.0,17.0,101.0,40.3,94.0,1
494015,male,44,179.0,82.0,9.0,92.0,39.8,43.0,0
363996,female,54,161.0,63.0,10.0,88.0,39.7,46.0,0
80205,female,21,150.0,50.0,19.0,100.0,40.3,102.0,1
518200,female,55,174.0,71.0,25.0,118.0,40.8,185.0,1
614789,female,28,159.0,59.0,4.0,82.0,38.9,13.0,0
548161,female,36,171.0,71.0,5.0,80.0,39.1,17.0,0
582871,female,44,162.0,66.0,7.0,96.0,39.4,37.0,0
169053,male,47,184.0,84.0,3.0,81.0,38.5,9.0,0
639561,male,59,170.0,70.0,4.0,86.0,38.6,17.0,0
186082,female,23,164.0,61.0,10.0,88.0,39.8,41.0,0
43141,female,20,173.0,64.0,25.0,99.0,40.6,122.0,1
247974,male,56,167.0,72.0,8.0,86.0,39.9,33.0,0
79628,female,31,173.0,66.0,15.0,98.0,40.3,75.0,1
547424,male,22,167.0,67.0,21.0,95.0,40.6,86.0,1
104603,female,21,157.0,52.0,30.0,114.0,41.1,208.0,1
554701,female,24,174.0,71.0,13.0,91.0,39.9,54.0,0
667022,male,28,185.0,85.0,1.0,87.0,37.7,4.0,0
747306,male,41,194.0,102.0,15.0,92.0,40.4,73.0,0
206080,female,72,172.0,72.0,1.0,80.0,37.6,4.0,0
475576,male,52,173.0,76.0,1.0,75.0,37.7,3.0,0
617872,female,60,163.0,67.0,4.0,87.0,38.7,18.0,0
224023,female,45,183.0,80.0,6.0,89.0,39.5,27.0,0
314860,male,63,176.0,81.0,8.0,90.0,39.6,41.0,0
680964,male,31,206.0,103.0,10.0,82.0,39.9,29.0,0
501276,male,28,183.0,91.0,13.0,96.0,40.3,59.0,0
390935,female,45,154.0,58.0,16.0,93.0,40.3,78.0,1
296907,female,54,158.0,60.0,10.0,89.0,39.6,49.0,0
161401,male,21,168.0,68.0,17.0,102.0,40.3,78.0,1
483486,female,45,161.0,61.0,13.0,94.0,40.3,69.0,0
342739,female,72,176.0,72.0,26.0,99.0,40.9,156.0,1
438129,male,23,177.0,84.0,1.0,76.0,37.9,1.0,0
581841,female,39,156.0,58.0,19.0,96.0,40.6,101.0,1
260792,female,54,180.0,79.0,8.0,76.0,39.1,26.0,0
54275,female,52,160.0,60.0,21.0,97.0,40.4,116.0,1
312969,female,34,162.0,61.0,4.0,86.0,38.9,16.0,0
192729,female,48,151.0,53.0,17.0,96.0,40.3,94.0,1
243380,male,62,197.0,102.0,6.0,92.0,39.0,35.0,0
193140,female,24,158.0,60.0,10.0,95.0,39.6,48.0,0
565990,female,53,158.0,54.0,13.0,90.0,40.3,67.0,0
357826,female,41,156.0,61.0,29.0,108.0,40.4,190.0,1
147364,female,62,157.0,58.0,11.0,98.0,40.0,65.0,0
389932,male,54,182.0,86.0,27.0,113.0,41.0,222.0,1
423608,male,60,193.0,96.0,11.0,90.0,39.3,60.0,0
557136,female,44,186.0,83.0,27.0,105.0,40.9,162.0,1
653152,female,58,171.0,69.0,14.0,94.0,39.9,72.0,0
632506,male,23,180.0,82.0,19.0,82.0,40.1,39.0,0
568367,male,27,192.0,97.0,7.0,85.0,39.8,20.0,0
539478,female,22,155.0,54.0,8.0,86.0,39.9,30.0,0
175301,male,69,172.0,69.0,2.0,76.0,37.9,6.0,0
223454,female,40,151.0,52.0,26.0,111.0,40.9,183.0,1
521087,male,24,207.0,111.0,1.0,83.0,38.0,2.0,0
109515,female,26,172.0,71.0,2.0,82.0,38.2,7.0,0
146095,female,77,153.0,56.0,29.0,108.0,40.9,213.0,1
237301,female,43,160.0,62.0,17.0,90.0,40.5,78.0,1
470485,female,21,148.0,48.0,2.0,82.0,38.0,7.0,0
303533,male,31,191.0,91.0,14.0,99.0,40.3,73.0,1
734235,female,38,176.0,72.0,12.0,93.0,40.2,58.0,0
466174,female,21,164.0,57.0,29.0,106.0,41.2,175.0,1
78769,male,45,173.0,77.0,11.0,88.0,40.0,44.0,0
297274,male,49,193.0,101.0,15.0,104.0,40.3,104.0,1
681175,male,72,174.0,78.0,9.0,89.0,39.6,52.0,0
419093,female,76,160.0,62.0,11.0,87.0,39.8,55.0,0
621617,female,39,176.0,77.0,2.0,80.0,38.1,6.0,0
656072,male,51,192.0,91.0,2.0,80.0,38.2,7.0,0
638328,male,21,190.0,91.0,23.0,94.0,40.8,86.0,1
441186,male,39,176.0,83.0,17.0,97.0,40.5,89.0,1
324136,female,22,162.0,58.0,3.0,81.0,38.6,11.0,0
447946,male,48,162.0,63.0,16.0,99.0,40.2,96.0,1
118228,male,37,171.0,82.0,5.0,86.0,38.6,16.0,0
644778,male,62,190.0,95.0,25.0,109.0,40.9,215.0,1
605790,male,51,194.0,95.0,16.0,98.0,40.3,97.0,1
709042,male,32,185.0,85.0,13.0,92.0,40.0,53.0,0
154157,female,38,168.0,71.0,2.0,76.0,38.5,5.0,0
121083,female,55,150.0,53.0,7.0,83.0,39.4,30.0,0
66556,female,45,158.0,54.0,16.0,98.0,40.6,92.0,1
613064,male,61,178.0,83.0,12.0,86.0,40.3,51.0,0
550170,male,32,183.0,87.0,25.0,101.0,41.0,137.0,1
341366,male,48,202.0,99.0,13.0,92.0,40.3,68.0,0
630404,female,21,151.0,54.0,27.0,113.0,40.7,184.0,1
392138,male,49,180.0,83.0,5.0,90.0,39.0,23.0,0
521377,male,63,176.0,82.0,26.0,105.0,40.8,199.0,1
609727,female,31,154.0,52.0,27.0,107.0,40.8,173.0,1
715859,female,43,170.0,66.0,19.0,99.0,40.5,106.0,1
486618,male,44,180.0,87.0,30.0,110.0,41.0,227.0,1
72843,female,24,170.0,66.0,13.0,88.0,40.0,54.0,0
515251,male,35,201.0,102.0,18.0,100.0,40.3,105.0,1
229653,female,55,159.0,61.0,12.0,89.0,40.3,58.0,0
219233,female,21,171.0,68.0,23.0,95.0,41.0,104.0,1
400788,male,45,186.0,87.0,14.0,99.0,40.1,79.0,1
474182,female,43,176.0,73.0,6.0,89.0,39.1,26.0,0
70819,male,34,184.0,84.0,15.0,94.0,40.3,70.0,0
463689,male,51,202.0,102.0,7.0,86.0,39.0,32.0,0
38617,male,21,170.0,76.0,21.0,102.0,40.3,103.0,1
195763,female,54,169.0,64.0,15.0,92.0,40.3,75.0,0
436989,female,57,169.0,66.0,11.0,95.0,40.2,56.0,0
355935,female,33,179.0,72.0,1.0,85.0,38.0,4.0,0
608866,male,42,187.0,94.0,11.0,91.0,40.0,49.0,0
681161,male,28,193.0,99.0,5.0,82.0,39.0,12.0,0
44697,male,28,182.0,89.0,7.0,88.0,39.7,24.0,0
720921,female,24,174.0,72.0,1.0,80.0,37.8,3.0,0
4814,male,67,174.0,76.0,28.0,112.0,41.2,241.0,1
120599,female,40,167.0,68.0,22.0,109.0,40.6,143.0,1
441799,female,28,166.0,64.0,26.0,106.0,40.8,154.0,1
297857,female,25,159.0,62.0,29.0,107.0,40.7,179.0,1
45359,male,45,196.0,101.0,7.0,86.0,39.5,24.0,0
89922,female,21,165.0,63.0,22.0,97.0,40.5,114.0,1
148228,female,30,178.0,76.0,17.0,99.0,40.2,89.0,1
664885,male,21,180.0,81.0,21.0,103.0,40.6,110.0,1
49454,female,46,156.0,60.0,7.0,91.0,39.4,33.0,0
678439,female,51,159.0,60.0,28.0,105.0,40.6,179.0,1
582499,female,41,169.0,64.0,19.0,94.0,40.2,95.0,1
82914,male,39,174.0,77.0,21.0,93.0,40.5,99.0,1
505259,female,25,163.0,65.0,21.0,100.0,40.5,109.0,1
447059,female,23,161.0,58.0,6.0,81.0,39.3,21.0,0
89721,female,62,177.0,77.0,28.0,106.0,40.5,180.0,1
2749,female,47,178.0,74.0,3.0,80.0,38.7,8.0,0
268978,male,45,193.0,91.0,7.0,89.0,39.8,31.0,0
134550,female,24,173.0,68.0,2.0,79.0,38.3,5.0,0
329411,female,45,161.0,61.0,28.0,109.0,40.8,188.0,1
367866,male,32,176.0,75.0,3.0,77.0,38.6,5.0,0
290609,female,24,178.0,78.0,10.0,88.0,39.9,42.0,0
382646,female,36,171.0,69.0,16.0,93.0,40.3,73.0,0
492759,male,45,187.0,88.0,4.0,83.0,39.1,14.0,0
184649,male,36,186.0,91.0,18.0,101.0,40.2,103.0,1
524887,male,27,187.0,88.0,24.0,99.0,40.6,116.0,1
178583,male,40,184.0,88.0,10.0,92.0,40.1,44.0,0
555272,male,45,192.0,99.0,4.0,87.0,39.0,17.0,0
320508,male,79,178.0,83.0,8.0,89.0,39.5,45.0,0
325627,male,56,183.0,90.0,11.0,89.0,40.3,51.0,0
643160,female,58,161.0,62.0,15.0,90.0,40.0,75.0,0
706108,male,59,164.0,67.0,8.0,88.0,39.6,34.0,0
93815,male,24,173.0,71.0,20.0,94.0,40.6,79.0,1
47642,male,73,183.0,88.0,27.0,113.0,40.8,230.0,1
2130,female,50,169.0,72.0,29.0,104.0,40.7,179.0,1
212604,female,56,170.0,65.0,19.0,96.0,40.6,104.0,1
92266,male,46,174.0,73.0,7.0,87.0,39.4,29.0,0
706910,female,70,152.0,54.0,3.0,81.0,38.7,12.0,0
91076,female,68,168.0,69.0,6.0,82.0,39.2,24.0,0
542237,female,34,166.0,59.0,13.0,92.0,40.0,60.0,0
259397,male,29,183.0,83.0,21.0,101.0,40.4,106.0,1
285157,female,21,167.0,63.0,21.0,102.0,40.4,113.0,1
293831,male,35,175.0,83.0,30.0,115.0,41.0,225.0,1
194825,male,46,189.0,88.0,28.0,106.0,40.8,200.0,1
604434,male,29,199.0,95.0,6.0,86.0,39.3,19.0,0
551869,female,41,178.0,77.0,16.0,93.0,40.5,77.0,1
151667,male,79,183.0,87.0,26.0,103.0,40.7,232.0,1
182012,female,67,173.0,71.0,12.0,84.0,39.7,50.0,0
641985,female,64,159.0,63.0,6.0,87.0,39.2,29.0,0
627182,female,42,158.0,59.0,29.0,108.0,40.9,193.0,1
231041,female,48,158.0,54.0,5.0,87.0,39.0,22.0,0
548494,female,54,158.0,58.0,3.0,82.0,38.4,12.0,0
363380,male,32,194.0,101.0,7.0,94.0,39.2,32.0,0
539380,male,44,191.0,96.0,7.0,86.0,39.6,29.0,0
216498,male,26,187.0,92.0,22.0,94.0,40.7,99.0,1
661583,male,43,190.0,99.0,16.0,99.0,40.6,99.0,1
580508,male,73,179.0,81.0,5.0,81.0,39.0,21.0,0
385556,female,23,180.0,74.0,11.0,92.0,39.8,47.0,0
494740,female,57,164.0,61.0,26.0,103.0,40.8,162.0,1
44365,female,32,174.0,69.0,19.0,102.0,40.8,110.0,1
457172,female,50,170.0,75.0,2.0,79.0,37.7,7.0,0
652146,male,32,189.0,93.0,14.0,93.0,40.4,59.0,0
526918,male,29,191.0,91.0,26.0,111.0,40.9,183.0,1
272777,male,39,182.0,84.0,6.0,83.0,39.0,21.0,0
463821,male,49,195.0,102.0,15.0,94.0,40.1,87.0,0
602858,male,70,167.0,69.0,28.0,110.0,40.8,223.0,1
712534,male,32,193.0,96.0,24.0,97.0,40.6,124.0,1
413233,male,25,187.0,85.0,20.0,100.0,40.5,103.0,1
509827,female,33,171.0,68.0,27.0,108.0,40.5,173.0,1
426316,female,26,160.0,59.0,1.0,78.0,37.7,3.0,0
118878,male,40,182.0,87.0,24.0,105.0,40.6,155.0,1
641325,male,56,172.0,71.0,21.0,103.0,40.6,138.0,1
442572,male,33,187.0,84.0,21.0,99.0,40.7,110.0,1
199952,female,42,174.0,64.0,12.0,93.0,40.2,59.0,0
114635,female,68,169.0,67.0,7.0,89.0,39.4,34.0,0
120616,male,24,180.0,79.0,19.0,98.0,40.5,84.0,1
615426,female,24,169.0,64.0,2.0,81.0,38.6,6.0,0
86871,female,57,164.0,66.0,25.0,105.0,40.5,160.0,1
188153,male,24,170.0,79.0,17.0,101.0,40.5,84.0,1
94095,female,31,177.0,68.0,13.0,93.0,40.0,61.0,0
712355,male,62,196.0,101.0,14.0,93.0,40.1,83.0,0
539411,female,56,151.0,53.0,6.0,77.0,39.3,20.0,0
710769,female,31,169.0,61.0,15.0,96.0,40.3,77.0,1
509577,female,29,164.0,60.0,22.0,101.0,40.7,126.0,1
652745,female,56,159.0,60.0,6.0,93.0,39.3,31.0,0
33741,male,74,195.0,102.0,11.0,88.0,40.0,67.0,0
288615,female,29,168.0,66.0,11.0,88.0,39.9,48.0,0
38960,female,79,170.0,71.0,3.0,83.0,38.5,13.0,0
136650,female,28,163.0,57.0,24.0,105.0,40.7,145.0,1
14286,male,39,180.0,82.0,17.0,96.0,40.4,86.0,1
703664,male,26,198.0,104.0,16.0,94.0,40.5,71.0,0
88581,male,32,182.0,83.0,21.0,104.0,40.5,120.0,1
333242,female,62,182.0,81.0,4.0,88.0,38.9,19.0,0
564579,female,37,162.0,56.0,3.0,91.0,38.9,16.0,0
741755,male,20,168.0,67.0,11.0,88.0,40.1,36.0,0
556830,female,62,161.0,64.0,21.0,96.0,40.7,116.0,1
309327,female,41,161.0,60.0,16.0,91.0,40.3,74.0,0
104972,female,20,169.0,70.0,6.0,97.0,39.7,29.0,0
252241,female,32,174.0,71.0,3.0,81.0,38.3,10.0,0
716454,female,72,161.0,61.0,26.0,111.0,40.9,193.0,1
495392,female,41,175.0,66.0,12.0,99.0,40.1,65.0,0
689405,male,44,169.0,69.0,7.0,83.0,39.7,23.0,0
696862,male,32,187.0,91.0,8.0,90.0,39.7,30.0,0
136126,female,70,179.0,73.0,7.0,90.0,39.6,35.0,0
582340,female,45,164.0,63.0,16.0,93.0,39.8,80.0,0
573704,female,43,168.0,66.0,27.0,106.0,40.8,171.0,1
669314,female,64,151.0,56.0,26.0,110.0,40.7,190.0,1
401918,male,24,188.0,92.0,4.0,92.0,39.0,17.0,0
84047,male,45,196.0,102.0,29.0,111.0,40.7,231.0,1
539024,male,48,188.0,85.0,17.0,95.0,40.3,90.0,1
181661,male,29,172.0,74.0,22.0,104.0,40.5,127.0,1
299712,male,21,193.0,92.0,21.0,100.0,40.6,102.0,1
126376,male,40,192.0,96.0,29.0,110.0,40.6,218.0,1
480287,female,20,161.0,57.0,9.0,90.0,39.5,38.0,0
643857,male,50,187.0,92.0,4.0,75.0,38.8,9.0,0
335308,male,51,195.0,102.0,3.0,77.0,38.3,10.0,0
298257,female,43,153.0,55.0,16.0,95.0,40.1,86.0,1
464302,male,32,173.0,76.0,27.0,111.0,40.7,178.0,1
716488,male,73,171.0,71.0,29.0,112.0,40.9,228.0,1
443341,female,38,163.0,63.0,21.0,97.0,40.1,110.0,1
663798,male,38,196.0,91.0,2.0,88.0,38.6,8.0,0
302420,male,20,184.0,82.0,15.0,99.0,40.2,71.0,1
142021,male,51,182.0,88.0,28.0,111.0,40.5,225.0,1
330908,male,65,194.0,101.0,27.0,114.0,40.8,230.0,1
525709,male,45,193.0,86.0,6.0,83.0,39.6,21.0,0
207036,female,37,166.0,63.0,15.0,96.0,40.4,81.0,1
275458,male,27,175.0,79.0,23.0,103.0,40.7,120.0,1
253266,male,33,180.0,80.0,22.0,93.0,40.3,92.0,1
615396,male,24,190.0,91.0,8.0,98.0,39.9,36.0,0
313355,male,71,174.0,78.0,4.0,85.0,39.1,18.0,0
142716,female,27,161.0,60.0,16.0,95.0,40.4,79.0,1
23757,male,42,181.0,82.0,6.0,87.0,39.1,22.0,0
162516,male,34,180.0,85.0,19.0,103.0,40.4,106.0,1
377875,female,55,171.0,71.0,20.0,94.0,40.5,105.0,1
179048,female,61,180.0,75.0,17.0,94.0,40.6,88.0,1
438010,male,25,184.0,87.0,11.0,97.0,39.9,45.0,0
576233,female,55,177.0,77.0,22.0,101.0,40.4,127.0,1
138570,male,61,177.0,82.0,29.0,110.0,40.8,232.0,1
29136,male,42,194.0,98.0,5.0,87.0,39.3,19.0,0
397740,female,71,162.0,63.0,23.0,88.0,40.9,55.0,1
688557,female,61,151.0,52.0,11.0,88.0,39.9,54.0,0
267502,male,46,179.0,82.0,29.0,109.0,40.9,212.0,1
326879,male,25,190.0,96.0,17.0,98.0,40.1,82.0,1
122440,female,67,171.0,68.0,10.0,94.0,39.9,52.0,0
671652,female,40,165.0,63.0,10.0,90.0,39.9,46.0,0
656783,male,44,179.0,82.0,27.0,108.0,40.8,186.0,1
621979,female,57,169.0,68.0,20.0,99.0,40.4,116.0,1
434609,female,57,170.0,64.0,22.0,102.0,40.3,135.0,1
16237,male,48,191.0,101.0,4.0,88.0,39.0,18.0,0
169414,male,49,170.0,70.0,10.0,89.0,39.6,41.0,0
653556,male,54,172.0,81.0,14.0,93.0,40.5,72.0,0
639681,female,33,151.0,56.0,20.0,99.0,40.3,109.0,1
143664,male,22,194.0,93.0,17.0,92.0,40.3,67.0,0
170200,male,23,183.0,87.0,21.0,103.0,40.7,113.0,1
478785,female,50,156.0,58.0,22.0,103.0,40.7,137.0,1
641108,female,45,164.0,68.0,11.0,96.0,40.0,56.0,0
130965,male,27,176.0,76.0,28.0,110.0,40.6,187.0,1
548426,female,26,163.0,63.0,22.0,104.0,40.9,129.0,1
23788,female,53,172.0,67.0,27.0,106.0,40.8,173.0,1
685717,female,65,165.0,59.0,27.0,104.0,40.6,174.0,1
78770,male,20,199.0,97.0,9.0,94.0,39.6,30.0,0
342712,male,21,185.0,86.0,14.0,98.0,40.1,64.0,0
142955,female,48,161.0,63.0,12.0,87.0,40.4,54.0,0
40413,male,64,168.0,73.0,5.0,87.0,39.4,22.0,0
355576,female,44,153.0,55.0,19.0,102.0,40.5,114.0,1
200878,female,20,164.0,64.0,21.0,103.0,40.6,116.0,1
479477,female,40,179.0,71.0,14.0,88.0,40.3,56.0,0
244427,female,71,170.0,70.0,17.0,101.0,40.1,107.0,1
647165,male,47,182.0,89.0,19.0,101.0,40.4,115.0,1
728194,male,37,172.0,78.0,6.0,94.0,39.5,26.0,0
278939,male,40,181.0,82.0,3.0,81.0,38.2,9.0,0
80047,male,54,182.0,82.0,16.0,95.0,40.2,88.0,1
182304,female,52,147.0,51.0,20.0,103.0,40.5,127.0,1
494164,male,42,196.0,101.0,13.0,96.0,40.3,71.0,0
41611,male,54,185.0,85.0,25.0,101.0,40.7,165.0,1
506064,male,61,187.0,95.0,15.0,91.0,40.3,83.0,0
46096,male,56,190.0,95.0,5.0,81.0,39.1,19.0,0
138339,female,24,158.0,58.0,18.0,97.0,40.2,95.0,1
570252,male,22,180.0,83.0,16.0,98.0,40.3,72.0,1
452489,male,22,203.0,101.0,14.0,95.0,40.3,60.0,0
366494,male,25,202.0,100.0,4.0,87.0,38.9,14.0,0
509810,male,39,195.0,89.0,6.0,87.0,39.3,23.0,0
350797,male,20,177.0,78.0,22.0,100.0,40.8,98.0,1
638236,female,40,173.0,71.0,14.0,85.0,40.4,56.0,0
433840,female,75,181.0,74.0,12.0,87.0,39.8,60.0,0
47441,female,50,175.0,68.0,9.0,89.0,39.4,40.0,0
119901,male,54,175.0,82.0,28.0,109.0,40.7,217.0,1
518418,male,78,175.0,74.0,27.0,105.0,40.9,215.0,1
454264,female,50,173.0,69.0,15.0,91.0,40.1,72.0,0
436683,female,68,160.0,65.0,23.0,111.0,41.1,165.0,1
448935,female,29,151.0,51.0,11.0,94.0,39.8,54.0,0
193625,female,70,164.0,64.0,10.0,89.0,39.8,51.0,0
699419,male,20,179.0,79.0,20.0,107.0,40.3,102.0,1
337731,male,54,201.0,101.0,8.0,80.0,39.5,30.0,0
715615,female,26,161.0,58.0,2.0,79.0,38.3,7.0,0
519250,male,42,185.0,92.0,13.0,88.0,40.0,55.0,0
71223,male,20,191.0,91.0,27.0,105.0,40.8,148.0,1
333642,male,50,174.0,79.0,26.0,102.0,40.7,160.0,1
612048,male,51,191.0,97.0,22.0,105.0,40.8,151.0,1
487512,female,29,158.0,57.0,20.0,102.0,40.6,113.0,1
148065,male,23,176.0,81.0,5.0,81.0,39.1,10.0,0
295651,female,54,158.0,61.0,24.0,97.0,40.9,135.0,1
31754,female,73,162.0,65.0,10.0,86.0,39.9,48.0,0
65409,male,25,186.0,86.0,24.0,102.0,40.7,125.0,1
182459,female,20,170.0,64.0,15.0,96.0,40.6,73.0,1
83645,male,21,197.0,100.0,14.0,99.0,40.3,70.0,0
709579,male,51,200.0,98.0,5.0,80.0,39.2,18.0,0
572722,female,68,173.0,72.0,14.0,96.0,40.2,79.0,1
158893,female,27,171.0,70.0,19.0,99.0,40.4,94.0,1
680838,male,28,169.0,71.0,14.0,90.0,40.1,54.0,0
724146,male,40,178.0,81.0,27.0,111.0,40.8,196.0,1
291533,male,45,178.0,81.0,1.0,85.0,37.5,4.0,0
529123,male,48,187.0,92.0,16.0,94.0,40.2,86.0,0
311154,male,23,180.0,80.0,29.0,102.0,41.0,147.0,1
5715,female,47,166.0,66.0,20.0,93.0,40.5,97.0,1
367841,female,23,157.0,58.0,19.0,97.0,40.4,97.0,1
69010,female,43,170.0,70.0,5.0,83.0,39.3,19.0,0
476651,female,40,152.0,52.0,29.0,110.0,40.7,195.0,1
13201,male,38,172.0,75.0,23.0,97.0,40.5,110.0,1
475094,female,27,174.0,67.0,6.0,85.0,38.9,23.0,0
486267,male,32,181.0,78.0,3.0,78.0,38.6,6.0,0
325993,male,31,195.0,97.0,21.0,105.0,40.6,130.0,1
343390,male,62,178.0,79.0,27.0,104.0,40.7,195.0,1
404012,female,61,181.0,78.0,24.0,110.0,40.8,169.0,1
608047,female,21,183.0,71.0,5.0,82.0,39.0,17.0,0
358533,female,37,170.0,73.0,14.0,99.0,40.1,74.0,1
297582,female,60,173.0,67.0,17.0,101.0,40.3,100.0,1
464569,female,43,162.0,63.0,29.0,110.0,40.9,195.0,1
442303,male,31,180.0,77.0,15.0,98.0,40.2,71.0,1
542210,male,55,192.0,102.0,21.0,106.0,40.7,161.0,1
519703,female,50,161.0,64.0,10.0,91.0,39.7,49.0,0
433883,female,47,171.0,68.0,3.0,83.0,38.9,12.0,0
487828,female,50,169.0,66.0,14.0,101.0,40.3,82.0,1
475369,male,46,175.0,79.0,17.0,99.0,40.4,94.0,1
399799,male,46,179.0,85.0,17.0,105.0,40.4,115.0,1
680359,male,69,184.0,82.0,13.0,99.0,40.2,89.0,1
650204,male,43,190.0,89.0,17.0,100.0,40.6,104.0,1
544491,male,31,177.0,76.0,29.0,111.0,41.1,193.0,1
710766,female,32,164.0,64.0,14.0,94.0,40.4,69.0,0
507211,male,73,185.0,92.0,7.0,93.0,39.7,45.0,0
376976,female,56,178.0,72.0,24.0,97.0,40.6,131.0,1
488715,male,27,185.0,82.0,7.0,86.0,39.1,22.0,0
702833,male,45,183.0,89.0,18.0,97.0,40.5,98.0,1
241271,female,31,178.0,71.0,29.0,102.0,41.1,166.0,1
259608,male,52,178.0,76.0,4.0,95.0,39.1,19.0,0
523200,female,21,173.0,71.0,3.0,81.0,38.3,9.0,0
638501,female,29,169.0,64.0,5.0,89.0,39.2,21.0,0
130793,male,24,174.0,74.0,25.0,100.0,41.0,117.0,1
602700,female,33,155.0,53.0,24.0,110.0,40.7,157.0,1
367879,female,45,161.0,58.0,19.0,97.0,40.6,104.0,1
724797,female,28,162.0,62.0,9.0,91.0,39.7,41.0,0
589632,female,54,158.0,61.0,15.0,95.0,40.3,80.0,1
265110,female,39,179.0,72.0,5.0,80.0,39.0,17.0,0
250693,female,35,163.0,62.0,14.0,97.0,40.3,78.0,1
490053,male,40,194.0,97.0,19.0,103.0,40.3,122.0,1
348634,male,31,179.0,81.0,7.0,95.0,39.7,30.0,0
697218,male,42,200.0,104.0,18.0,101.0,40.3,112.0,1
558163,male,41,182.0,79.0,23.0,95.0,40.8,114.0,1
98972,male,43,178.0,85.0,27.0,114.0,40.8,208.0,1
338581,male,57,197.0,101.0,5.0,82.0,39.4,21.0,0
139652,male,28,191.0,93.0,14.0,98.0,40.2,72.0,0
726879,female,38,168.0,59.0,6.0,84.0,39.8,23.0,0
566091,female,37,155.0,54.0,4.0,82.0,39.1,15.0,0
212762,male,22,194.0,94.0,8.0,90.0,39.8,27.0,0
738372,female,55,165.0,67.0,10.0,82.0,39.7,39.0,0
105793,male,45,187.0,91.0,24.0,104.0,40.6,158.0,1
211487,male,30,183.0,87.0,14.0,97.0,40.1,68.0,0
432070,female,51,154.0,59.0,23.0,115.0,40.7,174.0,1
601081,female,24,164.0,61.0,10.0,94.0,39.9,48.0,0
398072,male,36,192.0,89.0,22.0,101.0,41.0,129.0,1
544104,male,28,180.0,83.0,30.0,114.0,40.8,218.0,1
221408,male,60,178.0,77.0,18.0,99.0,40.5,111.0,1
240714,female,24,152.0,56.0,22.0,100.0,40.7,122.0,1
559648,male,42,164.0,71.0,8.0,92.0,39.9,34.0,0
681433,female,54,166.0,64.0,7.0,87.0,39.9,32.0,0
638603,male,33,191.0,90.0,24.0,105.0,40.7,150.0,1
699184,female,45,164.0,61.0,29.0,110.0,41.1,196.0,1
632086,male,44,180.0,79.0,28.0,114.0,40.9,219.0,1
337395,female,39,161.0,61.0,16.0,92.0,40.3,77.0,1
323649,female,56,181.0,77.0,11.0,90.0,40.1,53.0,0
428146,male,59,187.0,98.0,6.0,91.0,39.8,32.0,0
606428,male,45,184.0,91.0,13.0,99.0,40.3,75.0,1
208256,male,38,193.0,98.0,6.0,84.0,39.2,20.0,0
454831,female,44,159.0,63.0,16.0,88.0,40.5,69.0,0
346890,female,48,160.0,61.0,13.0,88.0,40.0,57.0,0
94119,female,62,160.0,60.0,16.0,95.0,40.3,88.0,1
176732,male,39,171.0,81.0,8.0,93.0,39.7,36.0,0
272288,male,22,195.0,96.0,7.0,81.0,39.4,16.0,0
664402,male,51,183.0,82.0,3.0,82.0,38.3,9.0,0
55321,male,74,175.0,80.0,12.0,95.0,40.0,76.0,0
47103,male,34,194.0,94.0,13.0,87.0,40.4,48.0,0
483537,male,37,183.0,86.0,11.0,92.0,39.9,47.0,0
251155,male,55,187.0,89.0,6.0,90.0,39.4,30.0,0
215300,female,54,184.0,83.0,12.0,83.0,40.3,47.0,0
376019,female,49,158.0,50.0,21.0,101.0,40.7,127.0,1
459688,female,65,166.0,63.0,3.0,79.0,38.7,13.0,0
202851,female,33,161.0,57.0,23.0,104.0,40.5,136.0,1
529984,male,66,192.0,97.0,27.0,106.0,41.0,218.0,1
358192,male,23,183.0,81.0,18.0,103.0,40.5,95.0,1
214679,male,40,191.0,98.0,23.0,108.0,41.0,168.0,1
76380,female,36,158.0,63.0,14.0,94.0,40.0,70.0,0
126331,female,58,161.0,62.0,9.0,96.0,39.8,47.0,0
595046,male,24,195.0,99.0,29.0,104.0,40.9,165.0,1
631681,female,62,156.0,51.0,18.0,102.0,40.2,117.0,1
46805,female,45,174.0,71.0,4.0,83.0,39.0,15.0,0
712912,male,65,199.0,103.0,11.0,96.0,39.5,74.0,0
683637,male,20,185.0,87.0,8.0,88.0,39.4,26.0,0
255567,male,24,182.0,81.0,7.0,91.0,39.7,26.0,0
692916,male,33,189.0,94.0,15.0,93.0,40.2,66.0,0
245858,female,32,158.0,64.0,5.0,91.0,39.2,22.0,0
186132,female,27,174.0,74.0,1.0,79.0,37.7,4.0,0
623921,female,51,158.0,60.0,6.0,91.0,39.4,29.0,0
694434,female,30,168.0,64.0,3.0,85.0,38.8,13.0,0
466445,male,67,189.0,96.0,25.0,106.0,40.8,210.0,1
615899,male,32,191.0,96.0,17.0,91.0,40.3,72.0,0
566180,male,26,191.0,89.0,2.0,79.0,38.6,5.0,0
315932,female,26,169.0,63.0,28.0,101.0,40.7,156.0,1
146573,female,53,159.0,63.0,26.0,103.0,40.7,164.0,1
576621,female,20,158.0,54.0,12.0,96.0,40.0,60.0,0
612585,male,44,175.0,74.0,16.0,106.0,40.4,97.0,1
323481,male,59,193.0,92.0,4.0,79.0,38.8,18.0,0
116444,male,44,182.0,88.0,22.0,102.0,40.7,135.0,1
138742,female,51,159.0,59.0,18.0,91.0,40.5,91.0,1
64550,female,24,171.0,71.0,11.0,97.0,40.0,49.0,0
444901,female,30,163.0,61.0,5.0,79.0,39.2,17.0,0
145296,male,65,191.0,96.0,24.0,104.0,40.8,186.0,1
718746,male,38,174.0,78.0,17.0,101.0,40.4,102.0,1
175249,female,54,174.0,73.0,13.0,92.0,40.0,67.0,0
720816,male,76,177.0,84.0,28.0,108.0,40.8,241.0,1
664740,female,36,155.0,56.0,5.0,81.0,39.1,19.0,0
49047,female,51,167.0,71.0,20.0,99.0,40.7,111.0,1
626012,female,43,166.0,68.0,12.0,87.0,40.0,54.0,0
663314,female,52,166.0,63.0,9.0,87.0,39.6,40.0,0
410183,female,29,158.0,54.0,11.0,89.0,39.9,47.0,0
740884,male,64,175.0,76.0,7.0,88.0,39.7,35.0,0
244124,female,21,165.0,58.0,24.0,105.0,40.8,142.0,1
535495,male,25,189.0,89.0,24.0,104.0,40.5,141.0,1
84830,female,49,164.0,60.0,11.0,90.0,40.0,54.0,0
738702,female,30,169.0,67.0,6.0,90.0,39.2,25.0,0
145475,male,20,187.0,81.0,28.0,104.0,40.8,148.0,1
551711,female,67,161.0,58.0,6.0,80.0,39.4,25.0,0
65593,female,26,169.0,72.0,17.0,86.0,40.2,63.0,0
143179,female,54,161.0,63.0,10.0,93.0,40.0,51.0,0
150584,female,61,166.0,63.0,2.0,91.0,38.3,9.0,0
277340,male,33,191.0,94.0,29.0,107.0,40.9,192.0,1
329188,male,45,184.0,85.0,16.0,97.0,40.3,90.0,1
727153,male,32,183.0,89.0,15.0,90.0,40.4,57.0,0
349612,female,45,152.0,53.0,6.0,86.0,39.2,25.0,0
496705,female,63,167.0,62.0,25.0,111.0,40.8,183.0,1
24803,female,49,156.0,56.0,26.0,108.0,40.8,174.0,1
148393,male,59,196.0,102.0,10.0,92.0,39.7,58.0,0
410687,female,45,187.0,77.0,27.0,100.0,40.8,151.0,1
26222,male,58,179.0,83.0,15.0,100.0,40.3,99.0,1
261544,male,53,179.0,81.0,13.0,90.0,39.9,66.0,0
421921,male,27,182.0,82.0,9.0,92.0,40.0,35.0,0
32775,female,30,160.0,64.0,14.0,88.0,39.9,60.0,0
92920,male,50,191.0,93.0,29.0,111.0,40.8,233.0,1
567785,female,65,158.0,60.0,12.0,90.0,40.1,62.0,0
220107,female,63,144.0,51.0,13.0,88.0,40.7,65.0,0
459522,male,24,173.0,74.0,8.0,102.0,39.8,35.0,0
658370,female,64,158.0,55.0,19.0,101.0,40.8,118.0,1
418373,female,56,168.0,63.0,25.0,105.0,40.9,160.0,1
4335,male,48,191.0,99.0,12.0,91.0,40.1,61.0,0
611841,male,26,179.0,78.0,28.0,106.0,40.6,158.0,1
620051,male,71,183.0,83.0,13.0,90.0,39.7,74.0,0
41218,male,21,183.0,85.0,21.0,102.0,40.7,107.0,1
699644,male,45,189.0,92.0,11.0,91.0,40.0,52.0,0
57568,female,59,167.0,60.0,10.0,98.0,39.8,57.0,0
632271,female,60,162.0,62.0,10.0,96.0,39.7,56.0,0
700765,male,57,164.0,69.0,25.0,98.0,40.7,151.0,1
642495,male,44,181.0,83.0,5.0,89.0,39.3,21.0,0
621151,male,38,180.0,82.0,20.0,105.0,40.6,121.0,1
354885,female,55,159.0,61.0,8.0,91.0,39.7,39.0,0
536268,female,26,160.0,60.0,4.0,92.0,38.9,19.0,0
59425,female,62,184.0,81.0,19.0,98.0,40.4,104.0,1
285685,female,26,167.0,63.0,10.0,82.0,39.7,32.0,0
611671,female,40,161.0,61.0,25.0,111.0,41.0,176.0,1
364655,female,41,166.0,65.0,16.0,90.0,40.3,74.0,0
654923,female,21,169.0,66.0,9.0,89.0,39.8,39.0,0
632210,male,33,181.0,82.0,21.0,99.0,40.6,110.0,1
239657,female,33,159.0,57.0,6.0,85.0,39.2,24.0,0
727183,female,24,155.0,54.0,2.0,82.0,37.9,7.0,0
55355,female,39,179.0,76.0,20.0,102.0,40.6,110.0,1
86272,male,22,170.0,70.0,29.0,114.0,40.8,193.0,1
208234,male,54,199.0,102.0,9.0,93.0,39.5,48.0,0
5108,female,32,150.0,54.0,22.0,109.0,40.7,147.0,1
659768,male,33,182.0,81.0,27.0,105.0,40.9,161.0,1
594508,female,25,162.0,61.0,2.0,87.0,38.3,8.0,0
212834,female,55,169.0,65.0,9.0,90.0,39.7,43.0,0
81594,male,64,198.0,110.0,8.0,88.0,39.8,44.0,0
484050,female,50,159.0,60.0,12.0,89.0,40.2,56.0,0
73816,female,54,161.0,64.0,12.0,91.0,40.1,60.0,0
317981,female,29,184.0,81.0,12.0,95.0,40.1,61.0,0
440215,male,72,193.0,99.0,13.0,95.0,40.3,86.0,0
467305,female,29,169.0,68.0,18.0,97.0,40.3,93.0,1
138224,female,34,153.0,52.0,2.0,81.0,38.5,7.0,0
512974,male,38,173.0,77.0,12.0,93.0,40.1,54.0,0
746684,male,21,178.0,77.0,4.0,91.0,38.9,12.0,0
389218,female,56,164.0,57.0,23.0,102.0,40.5,140.0,1
44015,male,21,191.0,98.0,6.0,92.0,39.1,23.0,0
359893,male,37,199.0,103.0,22.0,100.0,40.8,133.0,1
531780,male,21,194.0,101.0,2.0,89.0,38.0,7.0,0
13625,male,40,183.0,87.0,29.0,113.0,41.1,231.0,1
518802,male,48,199.0,101.0,11.0,96.0,40.1,62.0,0
676451,female,72,170.0,69.0,6.0,82.0,39.2,24.0,0
22985,male,24,187.0,88.0,14.0,96.0,40.2,62.0,0
29059,female,72,163.0,61.0,26.0,105.0,40.8,179.0,1
588543,male,54,182.0,81.0,9.0,88.0,39.7,41.0,0
572858,female,59,159.0,62.0,9.0,82.0,39.7,41.0,0
59901,male,31,209.0,111.0,18.0,100.0,40.9,105.0,1
648083,female,20,158.0,54.0,24.0,102.0,40.7,136.0,1
737057,female,57,162.0,62.0,10.0,89.0,39.7,44.0,0
25358,female,40,171.0,67.0,13.0,93.0,40.3,64.0,0
297531,male,55,201.0,99.0,9.0,92.0,39.7,51.0,0
378263,female,29,172.0,68.0,8.0,93.0,39.5,35.0,0
746615,female,38,167.0,67.0,21.0,98.0,40.8,112.0,1
70853,male,21,163.0,65.0,3.0,89.0,38.0,7.0,0
113925,male,50,191.0,99.0,26.0,99.0,40.8,164.0,1
157902,male,42,198.0,104.0,5.0,80.0,39.3,16.0,0
65849,female,63,162.0,64.0,11.0,87.0,39.8,51.0,0
682225,female,27,163.0,60.0,23.0,105.0,40.4,137.0,1
648404,female,44,166.0,64.0,23.0,105.0,40.8,145.0,1
424105,female,46,174.0,73.0,11.0,82.0,39.7,45.0,0
582737,male,61,182.0,91.0,17.0,99.0,40.7,116.0,1
491788,female,39,162.0,64.0,17.0,95.0,40.5,86.0,1
673291,male,62,184.0,83.0,14.0,87.0,40.1,66.0,0
75815,male,21,188.0,89.0,4.0,91.0,39.0,15.0,0
367698,male,24,195.0,95.0,15.0,98.0,39.9,65.0,0
37131,female,50,177.0,73.0,12.0,92.0,40.2,59.0,0
171238,female,20,168.0,64.0,17.0,101.0,40.0,88.0,1
426048,female,68,169.0,65.0,14.0,96.0,40.3,81.0,1
298324,female,30,160.0,62.0,18.0,96.0,40.3,94.0,1
559310,male,71,183.0,92.0,10.0,90.0,39.9,57.0,0
598756,female,52,156.0,56.0,23.0,102.0,40.5,143.0,1
150910,female,22,172.0,62.0,28.0,103.0,40.9,157.0,1
679335,male,26,187.0,84.0,2.0,78.0,37.8,3.0,0
614009,female,40,161.0,61.0,23.0,97.0,40.7,121.0,1
700117,male,52,170.0,74.0,12.0,91.0,39.9,63.0,0
146376,male,32,179.0,79.0,20.0,102.0,40.9,108.0,1
677175,male,65,192.0,102.0,20.0,98.0,40.7,142.0,1
213695,female,22,163.0,59.0,5.0,87.0,39.1,20.0,0
493615,female,58,156.0,57.0,27.0,102.0,40.8,173.0,1
591009,female,26,168.0,67.0,11.0,90.0,40.1,46.0,0
464533,male,29,177.0,79.0,10.0,81.0,39.6,24.0,0
610916,female,42,161.0,60.0,10.0,97.0,39.7,54.0,0
238321,male,28,190.0,88.0,11.0,91.0,40.0,41.0,0
42479,female,32,159.0,58.0,11.0,101.0,39.9,60.0,0
439341,male,62,183.0,89.0,2.0,83.0,39.1,9.0,0
478337,male,24,190.0,91.0,1.0,79.0,37.7,3.0,0
656336,male,54,192.0,99.0,23.0,102.0,40.7,145.0,1
589227,female,44,157.0,60.0,21.0,94.0,40.4,109.0,1
504157,male,42,161.0,67.0,12.0,85.0,39.9,39.0,0
53029,female,42,147.0,51.0,20.0,94.0,40.5,104.0,1
530432,male,32,183.0,87.0,18.0,107.0,40.3,106.0,1
405712,female,33,177.0,72.0,20.0,100.0,40.3,106.0,1
396411,male,25,181.0,75.0,1.0,81.0,37.7,3.0,0
658201,male,73,181.0,84.0,20.0,101.0,40.4,147.0,1
720467,male,54,181.0,78.0,22.0,97.0,40.5,126.0,1
559472,male,45,186.0,82.0,18.0,100.0,40.2,108.0,1
392635,male,20,192.0,99.0,14.0,99.0,40.5,65.0,1
209502,male,62,199.0,102.0,15.0,92.0,40.3,85.0,0
1952,male,33,186.0,88.0,16.0,96.0,40.1,79.0,0
411612,male,55,183.0,88.0,29.0,115.0,40.9,250.0,1
93947,male,21,200.0,99.0,30.0,111.0,41.0,210.0,1
377616,male,30,191.0,92.0,22.0,104.0,40.7,127.0,1
473025,male,36,191.0,90.0,29.0,111.0,41.0,212.0,1
451070,male,42,191.0,94.0,2.0,81.0,38.0,6.0,0
354215,male,20,174.0,71.0,2.0,83.0,38.3,5.0,0
563309,female,20,162.0,62.0,27.0,106.0,40.6,159.0,1
518579,female,25,167.0,69.0,18.0,98.0,40.3,91.0,1
222966,male,51,171.0,73.0,29.0,112.0,41.1,214.0,1
201848,female,31,169.0,64.0,7.0,88.0,39.9,29.0,0
699769,male,34,180.0,81.0,17.0,97.0,40.6,81.0,1
330607,male,27,192.0,85.0,18.0,97.0,40.5,84.0,1
555658,female,53,164.0,59.0,12.0,91.0,40.0,60.0,0
244808,male,29,177.0,72.0,21.0,99.0,40.6,106.0,1
240327,male,38,178.0,82.0,16.0,96.0,40.0,78.0,0
39269,female,35,158.0,57.0,15.0,95.0,39.9,75.0,0
72788,female,25,172.0,69.0,5.0,85.0,39.2,18.0,0
422343,female,72,154.0,55.0,4.0,81.0,39.1,17.0,0
236950,female,59,171.0,68.0,18.0,93.0,40.5,96.0,1
587022,male,68,176.0,82.0,13.0,94.0,40.3,82.0,0
364306,female,24,155.0,55.0,18.0,103.0,40.4,106.0,1
376572,female,63,170.0,71.0,19.0,106.0,40.5,124.0,1
25644,male,51,200.0,98.0,5.0,97.0,39.1,29.0,0
12953,male,42,199.0,106.0,3.0,90.0,39.3,16.0,0
387052,male,39,188.0,86.0,21.0,102.0,40.7,126.0,1
126739,female,24,148.0,54.0,26.0,101.0,40.5,147.0,1
390454,female,56,162.0,65.0,27.0,107.0,40.9,183.0,1
197522,female,46,176.0,73.0,10.0,96.0,39.8,53.0,0
655911,female,49,160.0,62.0,27.0,107.0,40.8,181.0,1
537915,male,51,191.0,98.0,26.0,117.0,40.9,232.0,1
310974,male,32,180.0,79.0,6.0,88.0,39.1,18.0,0
330669,female,52,171.0,62.0,13.0,101.0,40.1,78.0,1
136423,male,71,189.0,90.0,21.0,93.0,40.7,137.0,1
701310,female,65,187.0,85.0,18.0,95.0,40.5,95.0,1
339247,male,28,179.0,76.0,20.0,88.0,40.5,73.0,1
310454,female,32,167.0,72.0,18.0,94.0,40.3,87.0,1
403140,male,44,187.0,92.0,9.0,88.0,39.7,39.0,0
13206,male,21,191.0,94.0,28.0,107.0,40.6,166.0,1
624252,male,51,187.0,91.0,3.0,81.0,38.8,10.0,0
439168,female,52,156.0,56.0,4.0,86.0,39.0,18.0,0
677218,male,29,169.0,72.0,5.0,85.0,38.8,13.0,0
617237,female,59,160.0,62.0,26.0,102.0,41.0,164.0,1
643615,male,45,184.0,91.0,21.0,96.0,40.7,111.0,1
46422,male,28,196.0,88.0,23.0,108.0,40.8,152.0,1
236039,male,56,161.0,62.0,5.0,82.0,39.1,14.0,0
198612,male,32,184.0,85.0,13.0,106.0,39.8,77.0,1
131331,female,54,190.0,93.0,28.0,111.0,40.7,187.0,1
206405,female,27,165.0,64.0,16.0,87.0,40.2,66.0,0
35134,female,30,152.0,51.0,10.0,90.0,39.6,47.0,0
276310,female,63,164.0,62.0,7.0,86.0,39.5,33.0,0
160778,female,36,174.0,72.0,8.0,82.0,39.5,29.0,0
465703,male,24,192.0,92.0,18.0,104.0,40.6,104.0,1
469483,male,54,192.0,89.0,9.0,84.0,39.8,37.0,0
362275,male,25,179.0,81.0,26.0,103.0,40.7,141.0,1
732577,female,54,152.0,54.0,8.0,82.0,39.5,31.0,0
560620,female,41,159.0,64.0,17.0,99.0,40.2,96.0,1
390948,female,22,153.0,56.0,20.0,98.0,40.8,98.0,1
744407,male,43,190.0,96.0,16.0,89.0,40.3,69.0,0
716071,male,32,175.0,77.0,8.0,98.0,39.7,41.0,0
332839,male,25,171.0,75.0,17.0,96.0,40.5,71.0,1
183869,male,32,182.0,90.0,20.0,99.0,40.6,105.0,1
372400,male,48,201.0,104.0,12.0,91.0,40.4,59.0,0
64544,male,59,191.0,95.0,11.0,102.0,39.7,75.0,0
287548,female,51,161.0,58.0,17.0,95.0,40.5,90.0,1
272380,female,20,168.0,63.0,16.0,94.0,40.4,73.0,1
288176,male,52,187.0,86.0,25.0,109.0,40.6,184.0,1
194189,male,38,192.0,96.0,28.0,116.0,40.7,238.0,1
123831,male,33,196.0,95.0,13.0,90.0,40.5,52.0,0
601351,female,63,160.0,62.0,18.0,96.0,40.4,100.0,1
44671,female,36,167.0,66.0,28.0,110.0,40.9,191.0,1
192711,female,24,159.0,59.0,7.0,86.0,39.6,29.0,0
356173,female,54,169.0,69.0,26.0,104.0,40.7,170.0,1
79668,male,50,174.0,79.0,23.0,103.0,40.7,152.0,1
551672,male,39,186.0,88.0,22.0,106.0,40.8,145.0,1
140924,female,44,173.0,69.0,24.0,100.0,40.8,137.0,1
294314,male,45,173.0,71.0,15.0,93.0,40.0,71.0,0
286592,female,56,157.0,55.0,24.0,105.0,40.6,157.0,1
559393,female,31,160.0,58.0,3.0,77.0,39.1,9.0,0
503838,female,59,164.0,65.0,1.0,87.0,37.8,5.0,0
136848,female,48,151.0,53.0,23.0,104.0,40.6,145.0,1
105647,female,23,166.0,65.0,10.0,93.0,39.9,47.0,0
107232,male,20,185.0,82.0,1.0,84.0,37.9,3.0,0
439491,male,20,182.0,91.0,27.0,99.0,41.2,124.0,1
206586,male,50,183.0,90.0,26.0,106.0,40.8,185.0,1
248381,male,51,173.0,71.0,3.0,83.0,38.3,11.0,0
656950,male,58,183.0,88.0,6.0,84.0,39.4,25.0,0
429754,male,21,184.0,84.0,2.0,70.0,37.7,3.0,0
590902,female,24,167.0,69.0,12.0,90.0,39.8,48.0,0
513329,female,43,163.0,58.0,6.0,87.0,39.4,26.0,0
313950,female,45,167.0,63.0,4.0,82.0,38.7,16.0,0
633901,female,24,168.0,66.0,3.0,83.0,38.8,11.0,0
748307,male,55,181.0,87.0,22.0,105.0,40.5,158.0,1
628141,male,40,195.0,100.0,18.0,91.0,40.3,83.0,0
189679,female,32,153.0,50.0,11.0,102.0,39.9,67.0,0
41656,female,24,161.0,60.0,3.0,84.0,38.7,11.0,0
501638,male,25,179.0,81.0,8.0,84.0,39.5,20.0,0
702677,female,44,169.0,64.0,19.0,100.0,40.6,105.0,1
366303,male,42,184.0,83.0,25.0,101.0,40.8,146.0,1
523861,female,33,169.0,64.0,15.0,91.0,40.4,70.0,0
631775,male,67,166.0,73.0,24.0,107.0,40.6,172.0,1
675342,male,22,184.0,89.0,13.0,89.0,39.8,43.0,0
39039,male,33,196.0,95.0,7.0,86.0,39.5,23.0,0
109775,female,29,160.0,57.0,12.0,91.0,40.3,56.0,0
673341,male,42,174.0,81.0,11.0,86.0,40.1,41.0,0
621049,male,26,189.0,94.0,3.0,81.0,38.5,7.0,0
278761,female,32,158.0,58.0,21.0,106.0,40.7,125.0,1
748959,male,22,187.0,86.0,8.0,88.0,39.4,25.0,0
161677,male,33,174.0,77.0,13.0,84.0,40.3,35.0,0
65717,male,54,171.0,76.0,10.0,92.0,39.6,44.0,0
75339,male,32,179.0,76.0,5.0,91.0,39.0,18.0,0
690368,female,40,161.0,64.0,15.0,88.0,40.3,63.0,0
460612,female,45,147.0,51.0,30.0,117.0,40.9,230.0,1
542443,female,32,159.0,59.0,15.0,89.0,40.1,63.0,0
195351,male,45,196.0,95.0,3.0,80.0,38.3,10.0,0
578087,male,23,165.0,71.0,12.0,95.0,40.5,43.0,0
743917,female,30,173.0,68.0,10.0,87.0,39.8,42.0,0
692766,female,34,167.0,67.0,17.0,102.0,40.2,101.0,1
257214,female,26,177.0,71.0,26.0,106.0,41.0,155.0,1
479485,female,75,156.0,61.0,5.0,85.0,39.0,26.0,0
245185,male,67,158.0,61.0,25.0,103.0,40.7,173.0,1
548154,male,71,160.0,71.0,12.0,92.0,39.7,66.0,0
660990,male,26,189.0,83.0,21.0,101.0,40.6,106.0,1
272465,female,22,161.0,64.0,11.0,82.0,40.3,37.0,0
67641,male,40,162.0,69.0,17.0,94.0,40.3,72.0,1
252731,male,21,193.0,98.0,27.0,111.0,40.9,178.0,1
19553,female,54,171.0,71.0,30.0,106.0,40.6,194.0,1
561745,male,44,184.0,83.0,13.0,91.0,40.2,57.0,0
555994,female,29,148.0,51.0,2.0,83.0,38.2,7.0,0
559878,female,55,173.0,68.0,5.0,85.0,38.9,23.0,0
415810,male,79,192.0,91.0,17.0,108.0,40.4,159.0,1
34211,male,20,171.0,75.0,15.0,95.0,40.4,54.0,0
671457,female,25,177.0,78.0,6.0,97.0,39.0,27.0,0
565813,female,45,180.0,72.0,19.0,95.0,40.1,96.0,1
591206,female,72,161.0,64.0,13.0,91.0,40.5,68.0,0
54904,male,30,177.0,80.0,26.0,109.0,40.6,173.0,1
520860,male,54,201.0,102.0,28.0,107.0,41.0,220.0,1
61379,female,58,163.0,64.0,6.0,82.0,39.4,24.0,0
639498,male,33,174.0,73.0,15.0,101.0,40.5,77.0,1
243060,male,22,177.0,79.0,4.0,86.0,39.1,11.0,0
91945,female,36,173.0,70.0,24.0,99.0,40.7,129.0,1
746353,male,62,187.0,88.0,4.0,82.0,39.0,17.0,0
567445,female,63,163.0,63.0,16.0,96.0,40.4,90.0,1
710513,male,42,203.0,104.0,5.0,86.0,39.1,20.0,0
153152,female,21,157.0,52.0,6.0,83.0,39.7,20.0,0
184351,male,47,183.0,89.0,17.0,97.0,40.2,99.0,1
158546,female,56,155.0,59.0,5.0,80.0,39.3,20.0,0
725372,male,45,181.0,84.0,8.0,83.0,39.7,26.0,0
692331,female,63,156.0,61.0,15.0,98.0,40.6,88.0,1
474963,male,29,188.0,91.0,12.0,91.0,39.9,47.0,0
140364,male,57,168.0,73.0,12.0,92.0,40.0,61.0,0
102849,male,35,183.0,88.0,4.0,90.0,39.0,15.0,0
738340,male,27,182.0,85.0,19.0,97.0,40.3,88.0,1
511986,male,39,181.0,79.0,12.0,97.0,40.3,61.0,0
331458,female,21,161.0,62.0,22.0,99.0,40.7,116.0,1
506205,female,28,171.0,67.0,1.0,81.0,37.7,4.0,0
626105,male,21,202.0,108.0,6.0,78.0,39.5,12.0,0
638086,male,49,194.0,101.0,7.0,80.0,39.4,21.0,0
262028,male,37,183.0,81.0,7.0,89.0,39.4,27.0,0
303753,male,43,191.0,95.0,11.0,87.0,39.8,44.0,0
84058,male,27,169.0,69.0,19.0,107.0,40.4,111.0,1
341249,female,33,163.0,60.0,17.0,97.0,40.1,88.0,1
166500,female,54,172.0,74.0,9.0,88.0,39.8,39.0,0
39738,female,69,156.0,57.0,26.0,104.0,40.7,174.0,1
582692,female,73,164.0,58.0,22.0,97.0,41.1,128.0,1
562112,male,24,172.0,68.0,4.0,91.0,38.9,12.0,0
656009,female,43,157.0,61.0,26.0,108.0,40.6,171.0,1
166591,male,42,181.0,82.0,19.0,96.0,40.3,93.0,1
641236,female,24,154.0,56.0,11.0,85.0,39.9,43.0,0
303247,female,54,182.0,71.0,4.0,86.0,39.0,17.0,0
87411,male,31,183.0,81.0,21.0,100.0,40.7,111.0,1
621463,female,55,169.0,64.0,25.0,104.0,40.7,161.0,1
203365,male,75,196.0,102.0,29.0,109.0,41.0,259.0,1
366272,female,28,173.0,70.0,13.0,91.0,40.2,56.0,0
361964,male,30,171.0,67.0,5.0,81.0,38.7,14.0,0
559854,female,48,159.0,59.0,24.0,97.0,40.4,128.0,1
416242,female,54,174.0,72.0,7.0,90.0,39.7,31.0,0
514410,male,31,185.0,91.0,27.0,103.0,41.0,157.0,1
549361,male,21,192.0,90.0,2.0,87.0,38.1,4.0,0
485356,male,62,188.0,95.0,19.0,92.0,40.6,108.0,1
589932,male,26,178.0,78.0,20.0,102.0,40.3,101.0,1
81654,male,73,187.0,92.0,18.0,102.0,40.8,140.0,1
189401,female,45,161.0,64.0,5.0,82.0,38.8,20.0,0
480363,female,62,174.0,68.0,3.0,84.0,38.8,12.0,0
649547,male,20,194.0,86.0,12.0,101.0,40.3,68.0,0
155066,female,48,180.0,73.0,11.0,89.0,39.6,48.0,0
41876,male,30,186.0,84.0,11.0,89.0,39.7,39.0,0
520379,male,68,176.0,73.0,9.0,94.0,39.7,50.0,0
132166,male,50,183.0,81.0,27.0,103.0,40.7,181.0,1
331878,female,47,166.0,73.0,27.0,110.0,40.6,183.0,1
536337,male,25,177.0,76.0,1.0,74.0,37.7,1.0,0
683146,male,38,187.0,87.0,6.0,80.0,39.3,16.0,0
71931,male,20,167.0,68.0,18.0,94.0,40.3,82.0,1
485873,female,24,172.0,72.0,21.0,103.0,40.6,117.0,1
7264,female,31,167.0,64.0,23.0,103.0,40.4,134.0,1
641208,female,33,170.0,64.0,9.0,89.0,39.8,40.0,0
168757,female,20,153.0,50.0,16.0,97.0,40.1,81.0,1
199017,female,37,169.0,69.0,6.0,87.0,39.5,25.0,0
476532,female,75,179.0,75.0,24.0,104.0,40.7,165.0,1
634504,male,39,183.0,94.0,21.0,101.0,40.8,130.0,1
649052,male,48,181.0,84.0,15.0,92.0,40.2,74.0,0
167221,female,40,150.0,57.0,11.0,92.0,39.6,52.0,0
356955,male,64,197.0,103.0,10.0,94.0,40.3,60.0,0
365466,female,42,159.0,64.0,8.0,85.0,39.9,32.0,0
467441,female,32,152.0,51.0,8.0,89.0,39.6,35.0,0
257029,male,22,183.0,87.0,18.0,89.0,40.5,45.0,0
539852,male,64,190.0,90.0,7.0,82.0,39.5,30.0,0
695908,male,28,189.0,91.0,28.0,109.0,41.0,186.0,1
369838,male,21,189.0,82.0,25.0,107.0,40.8,154.0,1
721987,male,21,176.0,76.0,28.0,107.0,40.8,155.0,1
275244,male,58,180.0,82.0,25.0,103.0,40.7,173.0,1
346081,male,30,188.0,98.0,27.0,114.0,40.7,201.0,1
121230,female,25,165.0,66.0,26.0,107.0,40.7,157.0,1
215631,female,71,153.0,56.0,9.0,90.0,40.3,46.0,0
287318,female,22,154.0,53.0,28.0,113.0,40.9,195.0,1
170421,female,46,170.0,67.0,15.0,98.0,40.1,84.0,1
441269,male,34,186.0,84.0,21.0,100.0,40.8,109.0,1
316843,male,51,183.0,83.0,2.0,92.0,38.3,9.0,0
464934,female,25,163.0,60.0,15.0,87.0,40.2,60.0,0
474478,male,46,186.0,87.0,2.0,79.0,38.5,6.0,0
362912,male,51,187.0,88.0,8.0,93.0,40.0,41.0,0
547016,male,26,192.0,93.0,27.0,105.0,40.6,159.0,1
618993,male,27,178.0,78.0,6.0,90.0,39.2,20.0,0
741271,male,54,198.0,111.0,29.0,105.0,40.5,225.0,1
107611,female,29,172.0,66.0,6.0,82.0,39.5,21.0,0
29198,male,45,198.0,104.0,24.0,101.0,40.7,150.0,1
431959,female,54,169.0,70.0,16.0,93.0,40.7,80.0,1
475099,male,35,172.0,77.0,28.0,110.0,40.8,192.0,1
294771,male,34,188.0,94.0,18.0,98.0,40.7,99.0,1
49206,male,31,175.0,78.0,20.0,98.0,40.5,94.0,1
207622,male,42,191.0,95.0,9.0,91.0,39.4,40.0,0
629139,male,68,171.0,76.0,23.0,108.0,40.7,192.0,1
541437,male,48,183.0,88.0,12.0,91.0,40.1,59.0,0
92440,male,38,189.0,85.0,26.0,101.0,40.7,140.0,1
661205,male,26,187.0,82.0,24.0,103.0,40.7,132.0,1
188872,female,63,167.0,69.0,26.0,109.0,40.7,177.0,1
614164,female,32,160.0,61.0,4.0,87.0,39.2,18.0,0
259180,male,28,193.0,96.0,3.0,91.0,38.7,12.0,0
430152,female,68,161.0,59.0,2.0,86.0,38.6,9.0,0
469171,male,41,189.0,91.0,28.0,106.0,40.7,189.0,1
85664,female,66,171.0,71.0,10.0,89.0,39.9,48.0,0
669362,female,21,169.0,64.0,3.0,76.0,38.8,9.0,0
200351,male,29,203.0,101.0,2.0,88.0,38.0,7.0,0
479105,male,62,192.0,92.0,20.0,101.0,40.7,147.0,1
436269,male,21,190.0,88.0,18.0,94.0,40.3,75.0,1
628735,male,58,181.0,89.0,7.0,91.0,39.3,39.0,0
394284,female,45,182.0,77.0,16.0,98.0,40.1,85.0,1
12039,female,32,165.0,55.0,13.0,98.0,40.2,71.0,1
53279,male,26,186.0,89.0,25.0,104.0,40.5,141.0,1
389225,male,57,183.0,84.0,2.0,78.0,38.0,5.0,0
656902,female,39,176.0,72.0,6.0,80.0,39.3,20.0,0
106176,female,52,164.0,60.0,17.0,93.0,40.6,84.0,1
14953,male,49,196.0,101.0,4.0,84.0,38.8,16.0,0
631601,male,25,179.0,84.0,21.0,97.0,40.3,94.0,1
218801,female,20,166.0,65.0,1.0,80.0,37.6,3.0,0
702028,male,36,176.0,78.0,26.0,105.0,40.7,154.0,1
251434,female,64,161.0,61.0,12.0,96.0,40.1,66.0,0
678796,female,26,174.0,68.0,8.0,95.0,39.4,41.0,0
53490,female,28,172.0,72.0,1.0,75.0,37.8,2.0,0
712069,female,22,158.0,56.0,7.0,80.0,39.3,23.0,0
42550,male,37,190.0,95.0,12.0,87.0,39.8,48.0,0
49049,male,30,203.0,106.0,21.0,112.0,40.7,164.0,1
358368,male,62,179.0,84.0,6.0,84.0,39.5,27.0,0
386147,male,57,176.0,81.0,26.0,104.0,41.0,181.0,1
607923,male,55,187.0,93.0,19.0,101.0,40.5,126.0,1
559864,male,47,167.0,71.0,17.0,93.0,40.3,80.0,1
204941,male,26,194.0,94.0,28.0,108.0,40.8,179.0,1
276148,female,36,159.0,61.0,5.0,84.0,39.1,21.0,0
510782,female,32,171.0,69.0,5.0,85.0,39.3,18.0,0
577939,male,48,192.0,92.0,4.0,91.0,38.9,17.0,0
312571,female,41,163.0,59.0,12.0,81.0,40.0,39.0,0
145005,female,24,168.0,66.0,12.0,96.0,40.5,58.0,0
217353,male,72,180.0,86.0,29.0,114.0,41.2,257.0,1
314850,female,54,164.0,67.0,6.0,91.0,39.4,29.0,0
161630,female,23,153.0,57.0,11.0,98.0,39.8,58.0,0
466081,male,48,181.0,77.0,3.0,86.0,38.7,11.0,0
536419,female,58,176.0,73.0,21.0,102.0,40.6,130.0,1
748833,male,63,181.0,86.0,11.0,95.0,39.7,65.0,0
552675,female,22,155.0,54.0,9.0,83.0,39.5,29.0,0
226339,female,45,158.0,60.0,9.0,90.0,39.8,42.0,0
711859,female,37,160.0,57.0,5.0,91.0,39.0,24.0,0
347127,female,31,166.0,62.0,26.0,103.0,41.0,151.0,1
489924,male,60,195.0,96.0,7.0,82.0,39.3,30.0,0
335862,male,64,192.0,102.0,24.0,100.0,40.7,174.0,1
571339,female,79,167.0,67.0,19.0,96.0,40.6,115.0,1
686292,male,22,196.0,93.0,13.0,88.0,40.2,40.0,0
675968,female,68,175.0,64.0,13.0,91.0,40.2,68.0,0
48478,female,31,168.0,71.0,8.0,87.0,39.6,30.0,0
140457,male,36,188.0,85.0,26.0,104.0,40.8,160.0,1
342695,male,20,181.0,85.0,3.0,94.0,38.5,13.0,0
367652,male,54,191.0,99.0,29.0,107.0,41.1,228.0,1
418022,male,29,190.0,93.0,12.0,88.0,40.0,45.0,0
526762,male,26,181.0,81.0,23.0,101.0,40.8,120.0,1
676729,female,75,176.0,71.0,16.0,94.0,40.3,88.0,1
479960,male,48,181.0,80.0,15.0,93.0,40.4,74.0,0
540242,male,22,200.0,94.0,6.0,86.0,39.4,19.0,0
309388,male,37,186.0,84.0,4.0,79.0,39.2,11.0,0
498593,male,37,174.0,77.0,16.0,90.0,40.1,61.0,0
522242,female,54,163.0,62.0,25.0,104.0,40.8,160.0,1
201988,female,24,164.0,61.0,29.0,114.0,40.8,201.0,1
294085,female,45,170.0,65.0,7.0,86.0,39.4,30.0,0
377800,male,32,182.0,80.0,14.0,96.0,40.2,65.0,0
632431,female,54,151.0,54.0,19.0,100.0,40.3,112.0,1
434224,female,64,150.0,50.0,3.0,74.0,38.6,11.0,0
643005,male,22,182.0,83.0,28.0,111.0,40.6,180.0,1
495982,male,35,199.0,100.0,15.0,90.0,40.0,64.0,0
198720,female,34,168.0,65.0,26.0,103.0,40.7,155.0,1
650392,female,66,168.0,67.0,6.0,91.0,39.2,31.0,0
287685,female,45,165.0,65.0,28.0,104.0,40.9,171.0,1
40737,male,42,186.0,86.0,9.0,94.0,40.2,44.0,0
75065,male,44,184.0,85.0,11.0,87.0,40.0,45.0,0
434088,female,52,149.0,54.0,22.0,102.0,40.9,137.0,1
434876,male,45,196.0,94.0,3.0,81.0,38.6,10.0,0
537130,male,54,197.0,98.0,5.0,88.0,38.9,22.0,0
301675,female,30,160.0,60.0,11.0,96.0,40.1,54.0,0
316420,male,21,180.0,78.0,25.0,104.0,40.7,127.0,1
700754,female,38,161.0,60.0,15.0,93.0,40.3,77.0,1
20054,male,23,193.0,95.0,29.0,97.0,41.0,149.0,1
685416,male,35,184.0,91.0,23.0,103.0,40.9,139.0,1
581544,female,38,161.0,65.0,3.0,86.0,38.8,13.0,0
184425,male,41,194.0,99.0,2.0,82.0,38.1,7.0,0
549956,male,32,197.0,99.0,23.0,97.0,40.7,115.0,1
50213,female,25,166.0,63.0,24.0,103.0,40.7,140.0,1
392421,female,54,166.0,64.0,18.0,103.0,40.2,112.0,1
662880,male,51,179.0,83.0,7.0,88.0,39.5,30.0,0
717313,male,33,177.0,78.0,23.0,102.0,40.8,128.0,1
263764,female,33,175.0,68.0,22.0,106.0,40.5,134.0,1
464444,male,33,193.0,99.0,28.0,106.0,41.0,184.0,1
347247,male,39,183.0,83.0,10.0,92.0,39.8,42.0,0
509247,female,23,167.0,62.0,27.0,110.0,40.7,174.0,1
170109,male,56,195.0,90.0,3.0,74.0,38.3,9.0,0
39795,female,52,166.0,66.0,28.0,111.0,40.8,200.0,1
361677,male,72,195.0,102.0,9.0,87.0,39.8,50.0,0
239334,male,60,186.0,89.0,29.0,109.0,40.5,228.0,1
551228,male,31,194.0,95.0,14.0,91.0,40.3,60.0,0
732794,female,33,155.0,57.0,12.0,90.0,39.9,55.0,0
95782,male,26,180.0,78.0,11.0,97.0,39.8,49.0,0
708835,female,42,175.0,72.0,16.0,90.0,40.2,71.0,0
503182,female,22,176.0,73.0,3.0,84.0,38.7,10.0,0
94163,male,48,195.0,92.0,6.0,85.0,39.2,24.0,0
715388,male,31,199.0,96.0,15.0,96.0,40.5,71.0,1
310338,female,20,149.0,55.0,26.0,104.0,40.9,156.0,1
343641,female,39,146.0,54.0,19.0,103.0,40.5,117.0,1
241045,male,48,183.0,85.0,2.0,73.0,38.4,5.0,0
297378,female,38,164.0,67.0,7.0,84.0,39.6,27.0,0
598368,female,22,174.0,75.0,12.0,100.0,39.9,60.0,0
516721,female,32,173.0,71.0,6.0,87.0,39.1,24.0,0
349687,female,61,155.0,60.0,8.0,87.0,39.3,36.0,0
62702,male,55,176.0,79.0,30.0,110.0,40.7,230.0,1
353588,male,45,185.0,82.0,8.0,85.0,40.0,28.0,0
383738,female,66,161.0,60.0,5.0,82.0,39.2,21.0,0
734999,female,20,161.0,61.0,15.0,90.0,40.3,63.0,0
58728,female,38,177.0,73.0,16.0,81.0,40.2,53.0,0
189956,female,22,169.0,67.0,25.0,100.0,40.8,133.0,1
229718,female,73,179.0,76.0,26.0,111.0,40.9,206.0,1
388849,female,25,170.0,67.0,6.0,81.0,39.6,20.0,0
225599,female,47,160.0,59.0,18.0,99.0,40.5,102.0,1
687468,male,44,183.0,84.0,11.0,90.0,40.0,47.0,0
582589,male,48,187.0,82.0,11.0,90.0,40.0,49.0,0
202619,female,65,165.0,61.0,29.0,107.0,40.8,195.0,1
70189,female,78,171.0,70.0,8.0,90.0,39.3,37.0,0
452986,female,23,159.0,58.0,23.0,111.0,40.2,149.0,1
645598,male,61,187.0,90.0,11.0,90.0,39.5,55.0,0
635406,female,49,161.0,63.0,1.0,75.0,37.7,4.0,0
262912,male,25,183.0,83.0,24.0,104.0,40.8,131.0,1
252076,female,52,154.0,57.0,19.0,97.0,40.3,108.0,1
516095,male,29,180.0,86.0,26.0,104.0,41.1,158.0,1
105088,female,79,159.0,64.0,16.0,86.0,40.2,78.0,0
716285,male,51,161.0,64.0,17.0,92.0,40.2,84.0,1
487783,male,24,198.0,99.0,5.0,77.0,39.0,9.0,0
349144,male,34,184.0,87.0,5.0,89.0,39.4,21.0,0
288860,female,32,157.0,64.0,16.0,86.0,40.3,65.0,0
709228,male,24,189.0,90.0,16.0,99.0,40.3,82.0,1
172980,female,31,178.0,75.0,22.0,98.0,40.5,113.0,1
194492,female,53,157.0,62.0,26.0,105.0,40.8,166.0,1
276412,female,37,171.0,65.0,16.0,94.0,40.5,77.0,1
41773,female,37,151.0,55.0,25.0,108.0,40.7,162.0,1
241162,male,35,186.0,81.0,15.0,93.0,40.0,69.0,0
420360,female,74,160.0,60.0,14.0,94.0,40.7,79.0,1
399084,female,44,174.0,71.0,29.0,110.0,41.1,193.0,1
21074,male,38,198.0,98.0,24.0,108.0,40.7,175.0,1
449353,male,38,170.0,70.0,21.0,108.0,40.4,133.0,1
71347,male,66,195.0,97.0,28.0,110.0,41.0,226.0,1
107540,male,73,181.0,87.0,3.0,89.0,38.5,17.0,0
341821,female,69,171.0,70.0,12.0,90.0,40.1,60.0,0
133539,male,58,177.0,78.0,27.0,105.0,41.1,185.0,1
667740,male,32,181.0,79.0,3.0,85.0,38.8,9.0,0
337254,male,23,180.0,83.0,24.0,105.0,40.7,136.0,1
52903,female,54,168.0,70.0,21.0,101.0,40.5,126.0,1
274276,male,68,192.0,88.0,25.0,109.0,40.6,218.0,1
578586,male,43,191.0,90.0,5.0,86.0,39.3,19.0,0
285798,male,45,197.0,100.0,7.0,85.0,39.7,28.0,0
155152,male,38,183.0,85.0,17.0,96.0,40.4,84.0,1
568387,male,51,190.0,94.0,16.0,102.0,40.2,110.0,1
468241,male,57,186.0,90.0,2.0,75.0,38.4,7.0,0
634784,male,36,192.0,90.0,12.0,92.0,40.0,51.0,0
739416,male,51,199.0,98.0,13.0,86.0,39.9,58.0,0
516292,female,31,176.0,76.0,17.0,105.0,40.5,100.0,1
747721,male,21,169.0,70.0,25.0,107.0,40.7,143.0,1
108787,female,26,170.0,65.0,21.0,104.0,40.4,120.0,1
253513,male,41,194.0,102.0,6.0,83.0,39.1,22.0,0
390989,male,31,181.0,83.0,17.0,98.0,40.4,80.0,1
366996,male,26,171.0,72.0,19.0,100.0,40.5,92.0,1
351652,male,38,173.0,80.0,5.0,82.0,38.7,12.0,0
167784,male,32,178.0,80.0,25.0,106.0,40.7,155.0,1
375951,male,21,184.0,85.0,11.0,103.0,40.0,53.0,0
456716,female,68,171.0,63.0,18.0,93.0,40.6,95.0,1
227471,male,63,172.0,77.0,14.0,102.0,40.1,93.0,1
529459,male,49,182.0,90.0,19.0,101.0,40.6,114.0,1
353754,female,36,160.0,59.0,6.0,87.0,39.4,26.0,0
9982,female,75,165.0,63.0,24.0,105.0,40.7,166.0,1
481074,female,62,163.0,65.0,19.0,97.0,40.4,111.0,1
469133,male,43,187.0,88.0,15.0,94.0,40.3,77.0,0
544107,male,24,175.0,73.0,12.0,91.0,40.2,42.0,0
61699,female,24,174.0,72.0,25.0,100.0,40.8,133.0,1
380401,male,45,200.0,93.0,14.0,98.0,39.9,84.0,0
133850,male,54,181.0,81.0,9.0,91.0,39.7,44.0,0
143627,female,31,178.0,74.0,16.0,90.0,40.5,67.0,0
281790,male,48,174.0,75.0,8.0,87.0,39.5,34.0,0
321190,female,26,168.0,66.0,21.0,101.0,40.5,116.0,1
659315,female,65,177.0,73.0,14.0,97.0,39.9,76.0,0
545684,male,79,188.0,92.0,24.0,104.0,40.9,212.0,1
610445,female,26,160.0,58.0,1.0,77.0,37.9,2.0,0
619880,female,63,157.0,63.0,28.0,100.0,40.6,172.0,1
71163,male,31,193.0,94.0,13.0,96.0,40.3,63.0,0
713519,male,22,170.0,79.0,28.0,117.0,40.9,200.0,1
262098,male,40,193.0,98.0,4.0,88.0,39.0,16.0,0
367771,male,59,171.0,74.0,6.0,86.0,39.3,24.0,0
707700,female,25,157.0,61.0,19.0,90.0,40.6,82.0,1
30607,female,48,158.0,61.0,17.0,95.0,40.8,87.0,1
349838,female,25,167.0,67.0,16.0,94.0,40.2,75.0,1
724907,male,35,173.0,75.0,17.0,85.0,40.1,67.0,0
595232,male,50,186.0,93.0,25.0,102.0,40.7,166.0,1
579091,male,49,186.0,83.0,18.0,96.0,40.7,99.0,1
713419,female,23,164.0,61.0,19.0,100.0,40.4,103.0,1
295393,female,55,152.0,62.0,26.0,98.0,40.7,154.0,1
589803,female,21,158.0,59.0,20.0,96.0,40.5,95.0,1
724307,male,52,182.0,85.0,2.0,81.0,38.2,7.0,0
717708,male,56,183.0,85.0,6.0,86.0,39.8,25.0,0
211000,male,46,185.0,87.0,8.0,85.0,39.6,32.0,0
444011,female,39,161.0,60.0,18.0,102.0,40.3,104.0,1
558159,female,30,154.0,52.0,17.0,92.0,40.2,84.0,1
572714,male,40,189.0,91.0,16.0,92.0,40.1,72.0,0
577604,female,31,167.0,67.0,22.0,99.0,40.7,116.0,1
171924,male,75,161.0,69.0,21.0,103.0,40.7,152.0,1
677651,female,25,162.0,64.0,3.0,75.0,38.9,8.0,0
48735,female,43,162.0,57.0,28.0,112.0,41.0,200.0,1
498041,female,47,166.0,68.0,25.0,102.0,40.9,149.0,1
79326,female,71,174.0,72.0,19.0,92.0,40.6,100.0,1
577547,male,44,196.0,102.0,20.0,98.0,40.7,121.0,1
677589,female,23,168.0,62.0,17.0,92.0,40.5,78.0,1
53132,female,58,158.0,62.0,25.0,99.0,40.7,147.0,1
538371,female,55,159.0,59.0,22.0,102.0,40.6,135.0,1
551193,male,67,152.0,57.0,2.0,79.0,38.1,7.0,0
142665,female,61,161.0,67.0,26.0,110.0,40.6,187.0,1
612593,female,45,162.0,60.0,28.0,117.0,40.7,212.0,1
717513,female,60,161.0,65.0,26.0,107.0,40.7,174.0,1
14729,male,20,187.0,94.0,26.0,103.0,40.9,132.0,1
217112,male,55,193.0,95.0,24.0,112.0,40.8,204.0,1
50487,male,38,179.0,81.0,18.0,102.0,40.6,104.0,1
497211,male,51,182.0,84.0,9.0,89.0,39.4,40.0,0
615085,male,52,176.0,77.0,10.0,87.0,39.9,40.0,0
359866,female,36,160.0,57.0,6.0,83.0,39.3,22.0,0
328592,female,73,177.0,75.0,4.0,76.0,38.6,14.0,0
122351,male,41,189.0,91.0,7.0,91.0,39.6,29.0,0
472129,female,32,171.0,69.0,2.0,81.0,38.8,7.0,0
279072,female,21,157.0,54.0,9.0,94.0,39.7,43.0,0
460967,female,26,154.0,54.0,13.0,94.0,40.3,64.0,0
625429,male,37,195.0,99.0,18.0,92.0,40.4,89.0,1
158031,male,27,191.0,94.0,4.0,86.0,39.0,13.0,0
426927,male,30,172.0,75.0,19.0,105.0,40.8,110.0,1
645629,female,31,173.0,68.0,4.0,89.0,39.1,16.0,0
303929,female,74,161.0,61.0,12.0,96.0,40.3,71.0,0
393521,female,32,162.0,63.0,26.0,102.0,40.9,147.0,1
61028,male,26,186.0,82.0,3.0,90.0,38.7,11.0,0
373388,female,37,168.0,64.0,14.0,93.0,40.3,68.0,0
188428,female,73,159.0,59.0,23.0,105.0,40.6,161.0,1
538813,male,21,193.0,91.0,22.0,105.0,40.5,117.0,1
645847,female,47,163.0,63.0,19.0,95.0,40.6,99.0,1
315052,male,25,171.0,76.0,10.0,88.0,39.7,35.0,0
618123,male,58,186.0,87.0,5.0,88.0,39.7,23.0,0
255194,male,59,197.0,101.0,25.0,102.0,40.7,181.0,1
457759,female,24,164.0,63.0,9.0,92.0,39.5,41.0,0
425821,female,46,152.0,55.0,26.0,108.0,40.7,171.0,1
687408,female,48,161.0,60.0,10.0,97.0,39.8,52.0,0
674918,female,40,163.0,59.0,14.0,95.0,40.0,73.0,0
570259,female,21,158.0,54.0,1.0,89.0,38.0,4.0,0
680371,male,47,182.0,86.0,22.0,104.0,40.5,150.0,1
115079,female,42,163.0,60.0,16.0,95.0,40.5,82.0,1
455089,male,58,179.0,85.0,13.0,88.0,40.0,62.0,0
522723,female,45,169.0,68.0,4.0,83.0,39.0,15.0,0
96436,male,48,181.0,90.0,9.0,95.0,39.7,48.0,0
9190,male,59,194.0,98.0,7.0,87.0,40.3,33.0,0
427243,female,24,166.0,62.0,26.0,106.0,40.9,158.0,1
728478,female,21,168.0,62.0,27.0,107.0,40.7,164.0,1
155759,male,20,174.0,69.0,24.0,118.0,40.8,157.0,1
421124,male,22,171.0,71.0,14.0,94.0,40.2,59.0,0
459666,female,21,179.0,74.0,13.0,98.0,40.2,63.0,0
566926,male,61,192.0,96.0,6.0,85.0,39.3,27.0,0
415918,male,48,194.0,103.0,11.0,85.0,40.0,47.0,0
136540,male,29,190.0,94.0,24.0,111.0,40.7,166.0,1
185868,female,30,166.0,63.0,19.0,96.0,40.1,95.0,1
216419,female,51,173.0,72.0,18.0,90.0,40.4,85.0,1
109594,male,48,171.0,75.0,13.0,95.0,40.0,70.0,0
464671,female,63,177.0,78.0,16.0,99.0,40.3,90.0,1
284777,female,50,163.0,61.0,10.0,88.0,39.7,44.0,0
199745,male,37,179.0,78.0,17.0,99.0,40.3,92.0,1
75705,female,25,162.0,61.0,6.0,92.0,39.6,26.0,0
518746,male,26,182.0,83.0,17.0,105.0,40.0,96.0,1
652088,male,65,191.0,86.0,30.0,93.0,41.0,226.0,1
678218,male,45,191.0,93.0,9.0,94.0,39.9,45.0,0
66085,female,68,175.0,70.0,14.0,97.0,40.0,84.0,0
633513,male,62,187.0,94.0,7.0,89.0,39.6,37.0,0
156343,female,54,166.0,65.0,29.0,109.0,40.9,201.0,1
162441,female,26,160.0,56.0,4.0,90.0,38.9,16.0,0
284520,female,32,164.0,61.0,20.0,103.0,40.7,117.0,1
81484,female,45,171.0,71.0,5.0,85.0,39.2,20.0,0
591733,male,50,169.0,74.0,28.0,104.0,40.9,183.0,1
579829,male,22,186.0,85.0,24.0,96.0,40.3,98.0,1
615557,male,29,203.0,100.0,7.0,73.0,39.4,8.0,0
178935,female,26,158.0,58.0,14.0,90.0,40.2,60.0,0
304344,female,74,166.0,64.0,29.0,110.0,40.9,207.0,1
395557,male,54,184.0,87.0,8.0,91.0,39.7,39.0,0
275468,female,53,175.0,76.0,3.0,77.0,38.0,9.0,0
25574,male,31,190.0,95.0,26.0,105.0,40.9,169.0,1
703946,male,59,174.0,74.0,24.0,97.0,40.7,142.0,1
587874,male,60,187.0,98.0,25.0,105.0,40.9,196.0,1
519580,female,30,164.0,60.0,6.0,84.0,39.2,23.0,0
453790,male,51,193.0,97.0,11.0,87.0,40.1,47.0,0
195871,male,28,183.0,78.0,5.0,84.0,39.1,13.0,0
89451,female,54,169.0,72.0,19.0,103.0,40.7,115.0,1
138244,male,24,180.0,80.0,8.0,94.0,39.4,31.0,0
143345,female,56,158.0,59.0,23.0,105.0,40.5,149.0,1
688638,male,40,174.0,75.0,8.0,88.0,39.7,32.0,0
448570,female,22,165.0,67.0,20.0,104.0,40.3,109.0,1
32587,female,62,171.0,70.0,21.0,113.0,40.8,157.0,1
546907,female,48,161.0,64.0,11.0,90.0,40.0,53.0,0
500253,female,40,151.0,58.0,27.0,107.0,40.7,184.0,1
266743,female,45,167.0,61.0,8.0,86.0,39.8,36.0,0
420118,female,68,165.0,67.0,16.0,99.0,40.4,98.0,1
64645,male,21,197.0,97.0,21.0,97.0,40.6,94.0,1
616278,female,38,161.0,60.0,17.0,102.0,40.4,101.0,1
284028,male,38,183.0,89.0,24.0,100.0,40.6,134.0,1
319675,female,26,152.0,56.0,24.0,103.0,40.7,135.0,1
566621,female,51,172.0,74.0,17.0,88.0,40.0,17.0,0
478145,female,29,159.0,59.0,25.0,106.0,40.5,155.0,1
78473,male,62,203.0,111.0,14.0,102.0,40.1,104.0,1
319637,male,49,187.0,94.0,1.0,85.0,37.4,5.0,0
63457,male,28,184.0,80.0,9.0,91.0,39.8,31.0,0
732015,female,51,176.0,74.0,6.0,83.0,39.3,25.0,0
384847,male,21,160.0,67.0,2.0,79.0,38.0,5.0,0
297104,male,63,167.0,75.0,27.0,106.0,41.0,200.0,1
578,male,41,191.0,91.0,14.0,96.0,40.3,71.0,0
448877,female,20,181.0,76.0,17.0,97.0,40.8,79.0,1
488509,female,46,152.0,59.0,17.0,96.0,40.5,91.0,1
334556,female,29,162.0,58.0,10.0,89.0,39.6,44.0,0
283653,female,67,164.0,66.0,6.0,85.0,39.4,26.0,0
49518,male,29,184.0,99.0,19.0,95.0,40.8,90.0,1
241816,female,24,176.0,67.0,23.0,107.0,40.6,140.0,1
388650,male,58,187.0,96.0,11.0,93.0,39.9,62.0,0
286520,male,47,181.0,78.0,6.0,88.0,39.2,24.0,0
331331,female,30,147.0,54.0,9.0,91.0,40.1,43.0,0
123178,female,28,158.0,56.0,17.0,102.0,40.2,99.0,1
693124,male,44,187.0,88.0,9.0,91.0,39.7,41.0,0
569414,male,22,194.0,93.0,7.0,87.0,39.3,21.0,0
278700,male,77,196.0,102.0,21.0,103.0,40.9,171.0,1
569072,female,28,151.0,51.0,24.0,103.0,40.8,133.0,1
395883,male,54,195.0,102.0,28.0,104.0,40.9,208.0,1
236718,female,46,162.0,62.0,18.0,96.0,40.6,98.0,1
485104,female,64,153.0,52.0,16.0,98.0,40.5,92.0,1
362097,male,38,181.0,87.0,29.0,113.0,41.0,223.0,1
285245,female,23,162.0,61.0,29.0,109.0,40.5,175.0,1
220640,female,33,160.0,58.0,19.0,103.0,40.5,114.0,1
299038,male,64,194.0,99.0,26.0,102.0,40.7,192.0,1
691762,female,59,177.0,72.0,14.0,94.0,40.2,73.0,0
96967,male,20,180.0,79.0,5.0,86.0,39.4,12.0,0
715086,male,40,181.0,79.0,23.0,94.0,40.8,116.0,1
490169,female,30,166.0,64.0,29.0,109.0,40.7,183.0,1
293967,female,75,158.0,61.0,8.0,86.0,39.9,38.0,0
158776,female,36,162.0,64.0,11.0,93.0,39.7,53.0,0
448492,male,73,191.0,94.0,23.0,97.0,40.7,176.0,1
467123,female,20,161.0,59.0,17.0,99.0,40.2,89.0,1
679482,female,28,156.0,49.0,5.0,88.0,39.0,20.0,0
349821,female,56,164.0,63.0,12.0,100.0,39.8,68.0,0
542589,female,35,156.0,58.0,29.0,105.0,41.0,183.0,1
111486,female,21,173.0,71.0,2.0,78.0,38.5,6.0,0
280251,female,51,174.0,68.0,15.0,86.0,40.1,63.0,0
614497,female,73,171.0,73.0,25.0,110.0,40.8,205.0,1
728894,female,36,151.0,56.0,27.0,107.0,40.7,170.0,1
391067,female,22,168.0,63.0,11.0,87.0,39.3,45.0,0
335976,male,58,187.0,91.0,15.0,96.0,40.1,91.0,1
521679,female,21,173.0,65.0,27.0,102.0,41.1,147.0,1
202745,female,73,155.0,56.0,7.0,93.0,40.0,40.0,0
16362,female,30,169.0,68.0,3.0,82.0,38.8,12.0,0
210807,female,21,180.0,75.0,8.0,99.0,39.5,37.0,0
490117,male,42,186.0,93.0,26.0,108.0,40.9,183.0,1
464582,male,54,181.0,82.0,6.0,87.0,39.6,26.0,0
556055,male,58,180.0,86.0,1.0,88.0,37.9,4.0,0
309197,male,32,192.0,91.0,21.0,99.0,40.7,110.0,1
686785,female,61,160.0,58.0,21.0,102.0,40.1,130.0,1
612813,male,49,185.0,85.0,22.0,105.0,40.5,148.0,1
320175,female,55,156.0,65.0,28.0,111.0,40.9,202.0,1
623233,female,25,163.0,70.0,1.0,78.0,37.5,3.0,0
286837,female,42,162.0,61.0,21.0,98.0,40.2,114.0,1
551395,male,42,179.0,83.0,11.0,91.0,39.6,47.0,0
569826,female,48,157.0,62.0,21.0,96.0,40.3,113.0,1
591414,female,46,176.0,73.0,4.0,86.0,38.7,17.0,0
398656,male,21,187.0,92.0,21.0,97.0,40.7,88.0,1
264160,male,39,183.0,81.0,29.0,102.0,41.1,172.0,1
625505,male,45,177.0,79.0,18.0,100.0,40.5,100.0,1
517523,female,48,152.0,55.0,24.0,107.0,40.7,157.0,1
24675,male,47,181.0,81.0,13.0,90.0,40.0,57.0,0
687152,male,30,183.0,87.0,15.0,94.0,40.0,65.0,0
597563,male,50,175.0,78.0,27.0,104.0,40.7,181.0,1
669282,female,26,167.0,61.0,29.0,107.0,40.9,180.0,1
361538,female,78,165.0,67.0,29.0,108.0,40.8,216.0,1
550342,male,38,181.0,86.0,9.0,79.0,39.6,24.0,0
352014,female,21,161.0,61.0,28.0,105.0,41.0,165.0,1
306566,male,33,187.0,87.0,16.0,99.0,40.2,86.0,1
379210,female,64,145.0,51.0,12.0,91.0,40.2,63.0,0
469497,female,64,161.0,64.0,13.0,94.0,40.1,71.0,0
184103,male,44,185.0,83.0,2.0,87.0,38.1,7.0,0
397951,male,75,196.0,103.0,29.0,110.0,40.8,257.0,1
168837,female,21,168.0,65.0,27.0,109.0,40.7,166.0,1
208904,female,63,160.0,63.0,14.0,88.0,40.2,68.0,0
355816,female,74,179.0,81.0,25.0,98.0,40.8,179.0,1
478804,male,29,189.0,90.0,26.0,108.0,40.9,171.0,1
637847,male,21,205.0,102.0,4.0,76.0,38.8,7.0,0
58495,male,23,183.0,82.0,3.0,92.0,38.6,11.0,0
583255,female,57,160.0,58.0,29.0,110.0,41.0,192.0,1
167222,male,54,171.0,78.0,24.0,108.0,40.7,175.0,1
632751,female,30,176.0,71.0,20.0,98.0,40.3,103.0,1
356190,male,24,182.0,87.0,20.0,96.0,40.5,80.0,1
106641,female,29,161.0,59.0,15.0,91.0,40.1,71.0,0
447100,male,28,192.0,94.0,25.0,111.0,40.9,176.0,1
569914,male,36,179.0,80.0,16.0,99.0,40.4,83.0,1
144588,female,39,159.0,61.0,24.0,101.0,40.8,138.0,1
713634,male,50,172.0,73.0,15.0,95.0,40.5,78.0,1
165597,female,26,175.0,68.0,19.0,94.0,40.6,88.0,1
237977,male,21,174.0,75.0,12.0,91.0,40.3,35.0,0
38360,male,55,187.0,88.0,14.0,95.0,40.7,79.0,1
567071,female,70,156.0,60.0,7.0,83.0,39.8,30.0,0
717903,female,58,174.0,71.0,5.0,85.0,39.3,20.0,0
644483,female,26,163.0,61.0,3.0,89.0,38.8,12.0,0
158115,female,65,185.0,80.0,10.0,99.0,39.7,57.0,0
590486,male,28,190.0,95.0,1.0,77.0,37.8,2.0,0
333200,female,50,169.0,61.0,24.0,107.0,40.9,157.0,1
192624,female,20,163.0,60.0,26.0,106.0,40.4,155.0,1
697977,female,23,172.0,71.0,6.0,91.0,39.2,28.0,0
122029,female,61,156.0,59.0,19.0,98.0,40.8,112.0,1
586297,male,64,183.0,91.0,15.0,89.0,40.5,78.0,0
366234,male,32,175.0,79.0,8.0,91.0,39.8,31.0,0
601874,male,43,190.0,97.0,8.0,86.0,39.5,30.0,0
228916,female,26,162.0,60.0,11.0,88.0,40.3,45.0,0
472880,female,25,156.0,52.0,11.0,85.0,39.9,42.0,0
617144,female,52,168.0,73.0,30.0,98.0,40.9,170.0,1
329739,female,49,177.0,72.0,5.0,80.0,39.2,18.0,0
222205,male,50,182.0,82.0,26.0,104.0,40.8,178.0,1
348462,male,46,177.0,79.0,7.0,98.0,39.4,41.0,0
297686,female,20,172.0,67.0,6.0,87.0,38.7,22.0,0
100009,male,35,173.0,75.0,12.0,91.0,40.0,47.0,0
416396,female,45,163.0,62.0,26.0,109.0,40.8,176.0,1
740540,male,64,187.0,93.0,29.0,107.0,40.7,232.0,1
345313,male,42,174.0,81.0,26.0,109.0,41.3,180.0,1
554558,female,78,166.0,65.0,22.0,112.0,40.6,185.0,1
97488,female,31,166.0,64.0,11.0,93.0,39.8,52.0,0
565100,female,37,171.0,70.0,14.0,92.0,40.1,64.0,0
245290,female,20,161.0,56.0,3.0,91.0,38.8,13.0,0
728512,female,39,166.0,63.0,22.0,99.0,40.5,120.0,1
296343,male,42,181.0,82.0,11.0,93.0,39.8,52.0,0
432127,male,50,197.0,102.0,22.0,106.0,40.8,165.0,1
705394,female,49,154.0,55.0,22.0,94.0,40.7,117.0,1
655461,male,60,193.0,103.0,25.0,99.0,40.7,176.0,1
702611,female,21,173.0,70.0,22.0,106.0,40.6,133.0,1
114864,female,37,171.0,73.0,24.0,111.0,40.9,164.0,1
71085,male,42,179.0,80.0,8.0,81.0,39.4,20.0,0
740821,female,35,171.0,66.0,12.0,93.0,40.1,58.0,0
31886,female,71,174.0,69.0,3.0,81.0,38.3,13.0,0
570687,female,68,158.0,59.0,11.0,81.0,39.8,45.0,0
510147,female,71,154.0,59.0,10.0,91.0,40.0,55.0,0
568021,female,26,162.0,58.0,1.0,86.0,37.5,4.0,0
518068,female,64,163.0,64.0,14.0,93.0,40.5,72.0,1
149241,male,29,184.0,80.0,8.0,93.0,39.6,30.0,0
210697,male,30,192.0,88.0,8.0,87.0,39.3,25.0,0
141087,male,25,183.0,87.0,5.0,84.0,39.1,15.0,0
639838,male,45,183.0,80.0,6.0,92.0,39.4,27.0,0
560736,male,20,169.0,74.0,16.0,99.0,40.3,67.0,1
148710,male,31,203.0,101.0,2.0,85.0,37.8,6.0,0
521496,male,64,177.0,75.0,24.0,104.0,40.6,172.0,1
345996,male,45,179.0,78.0,7.0,86.0,39.5,25.0,0
48293,male,48,183.0,84.0,11.0,88.0,40.0,51.0,0
155091,male,54,179.0,81.0,12.0,88.0,40.1,53.0,0
66166,male,53,184.0,85.0,28.0,107.0,40.6,207.0,1
285331,female,48,158.0,59.0,15.0,100.0,40.2,88.0,1
260748,male,62,191.0,94.0,9.0,91.0,39.7,50.0,0
728610,male,56,179.0,86.0,26.0,107.0,40.7,193.0,1
427752,female,23,166.0,64.0,19.0,101.0,40.5,105.0,1
654557,female,71,163.0,67.0,21.0,99.0,40.6,125.0,1
213821,female,45,165.0,68.0,15.0,92.0,40.0,71.0,0
296425,male,24,192.0,91.0,8.0,92.0,39.8,28.0,0
134323,male,33,197.0,99.0,8.0,87.0,39.7,28.0,0
257987,male,25,179.0,74.0,29.0,107.0,41.0,163.0,1
246488,female,40,163.0,61.0,12.0,91.0,39.9,57.0,0
402977,female,68,176.0,75.0,30.0,110.0,40.6,219.0,1
522262,male,25,198.0,96.0,24.0,99.0,40.6,120.0,1
501342,female,51,170.0,72.0,27.0,102.0,40.3,160.0,1
678983,female,52,161.0,60.0,15.0,95.0,40.2,80.0,1
700017,female,39,157.0,54.0,15.0,97.0,40.1,81.0,1
555718,female,48,166.0,62.0,16.0,99.0,40.1,91.0,1
646019,male,25,195.0,93.0,16.0,95.0,40.1,72.0,0
622652,female,36,160.0,62.0,23.0,104.0,40.6,140.0,1
260113,female,22,176.0,68.0,7.0,91.0,39.5,28.0,0
225792,female,20,168.0,59.0,1.0,86.0,37.7,4.0,0
599192,female,33,181.0,71.0,16.0,93.0,40.8,74.0,1
377101,male,20,171.0,68.0,23.0,103.0,41.1,118.0,1
8421,female,55,172.0,70.0,17.0,101.0,40.0,101.0,1
208277,male,53,184.0,92.0,29.0,105.0,40.8,217.0,1
240684,female,43,161.0,62.0,13.0,95.0,40.2,68.0,0
17220,female,48,174.0,73.0,17.0,99.0,40.6,91.0,1
640459,female,34,179.0,74.0,21.0,99.0,40.8,111.0,1
239353,male,25,192.0,101.0,12.0,99.0,40.1,61.0,0
732949,male,48,181.0,85.0,5.0,84.0,39.3,19.0,0
15528,male,48,169.0,73.0,19.0,101.0,40.5,113.0,1
236565,female,46,153.0,54.0,2.0,77.0,38.1,7.0,0
74735,male,21,193.0,92.0,5.0,90.0,39.1,15.0,0
131026,male,24,191.0,93.0,26.0,104.0,40.8,135.0,1
448418,male,35,192.0,98.0,29.0,114.0,40.9,227.0,1
602274,male,27,176.0,76.0,5.0,86.0,39.2,18.0,0
165270,male,31,198.0,99.0,27.0,111.0,40.7,196.0,1
52597,male,63,187.0,88.0,7.0,90.0,39.4,37.0,0
609782,male,67,176.0,84.0,1.0,79.0,37.7,4.0,0
120422,female,44,160.0,59.0,6.0,82.0,39.4,23.0,0
473720,male,40,183.0,91.0,5.0,91.0,39.3,22.0,0
153345,male,21,184.0,82.0,16.0,100.0,40.2,70.0,1
517300,female,21,180.0,81.0,8.0,91.0,39.6,33.0,0
539227,male,20,193.0,98.0,15.0,87.0,40.0,48.0,0
728231,female,22,167.0,63.0,1.0,77.0,37.6,3.0,0
165504,male,49,195.0,95.0,8.0,86.0,39.5,33.0,0
661796,female,63,173.0,71.0,24.0,99.0,40.9,138.0,1
595186,female,75,166.0,64.0,8.0,88.0,39.6,40.0,0
382836,female,64,153.0,55.0,12.0,90.0,40.1,62.0,0
247443,male,20,185.0,85.0,20.0,94.0,40.7,81.0,1
265486,male,29,183.0,83.0,1.0,78.0,37.7,2.0,0
454129,female,53,172.0,70.0,27.0,111.0,40.6,192.0,1
564854,male,23,186.0,82.0,15.0,98.0,40.3,67.0,1
94893,male,43,196.0,99.0,5.0,87.0,39.2,21.0,0
469579,female,30,160.0,60.0,5.0,90.0,39.4,18.0,0
275829,female,28,164.0,64.0,25.0,108.0,40.7,155.0,1
649943,female,36,176.0,72.0,17.0,108.0,40.4,112.0,1
484561,male,40,192.0,95.0,2.0,84.0,38.3,7.0,0
432780,female,73,181.0,76.0,19.0,102.0,40.5,113.0,1
7899,female,65,178.0,71.0,24.0,106.0,40.5,158.0,1
264941,female,26,167.0,63.0,16.0,102.0,40.2,91.0,1
63309,female,45,169.0,72.0,8.0,83.0,39.7,30.0,0
176436,female,66,166.0,62.0,5.0,88.0,39.3,23.0,0
354944,male,39,192.0,98.0,3.0,75.0,38.8,6.0,0
198428,male,22,173.0,77.0,12.0,99.0,40.3,57.0,0
484071,male,51,192.0,94.0,2.0,78.0,38.0,6.0,0
614955,female,28,178.0,76.0,9.0,95.0,39.8,42.0,0
202664,male,45,192.0,94.0,5.0,87.0,39.4,20.0,0
422975,female,22,164.0,67.0,23.0,100.0,40.2,121.0,1
153314,female,22,181.0,76.0,28.0,108.0,40.9,169.0,1
264141,male,32,185.0,81.0,3.0,84.0,39.0,9.0,0
561170,female,55,159.0,58.0,28.0,106.0,40.7,187.0,1
603088,female,48,162.0,61.0,2.0,81.0,38.3,7.0,0
610808,male,69,188.0,93.0,29.0,117.0,40.9,266.0,1
223149,female,60,157.0,52.0,9.0,78.0,39.7,33.0,0
672635,male,21,180.0,83.0,21.0,102.0,40.3,105.0,1
144298,male,52,177.0,85.0,10.0,88.0,39.7,40.0,0
149343,male,67,175.0,78.0,10.0,92.0,39.6,53.0,0
339336,male,51,186.0,94.0,21.0,103.0,40.7,134.0,1
85761,male,34,184.0,88.0,21.0,100.0,40.5,116.0,1
115179,male,40,179.0,80.0,30.0,111.0,40.5,215.0,1
683258,male,34,181.0,82.0,18.0,102.0,40.3,99.0,1
476313,male,34,200.0,96.0,21.0,104.0,40.5,130.0,1
545045,male,44,183.0,87.0,15.0,90.0,40.1,63.0,0
333965,female,45,165.0,64.0,28.0,112.0,40.7,196.0,1
624670,female,58,157.0,57.0,22.0,97.0,40.6,126.0,1
96341,female,20,176.0,69.0,26.0,118.0,40.8,186.0,1
27001,female,64,153.0,52.0,1.0,83.0,37.7,4.0,0
17125,male,44,191.0,91.0,28.0,113.0,40.7,232.0,1
457321,male,71,184.0,84.0,17.0,96.0,40.4,114.0,1
566361,female,33,180.0,75.0,3.0,86.0,38.9,12.0,0
6197,male,66,181.0,83.0,27.0,105.0,40.8,211.0,1
671535,female,23,173.0,70.0,10.0,90.0,39.9,40.0,0
709306,male,54,179.0,81.0,8.0,87.0,39.4,37.0,0
506657,female,54,169.0,70.0,18.0,96.0,40.5,97.0,1
721546,female,26,171.0,72.0,1.0,84.0,37.7,4.0,0
153089,male,72,189.0,90.0,21.0,95.0,40.7,139.0,1
75946,male,30,192.0,93.0,15.0,97.0,40.6,73.0,1
513646,female,63,171.0,69.0,25.0,108.0,40.7,170.0,1
729321,male,21,179.0,74.0,4.0,93.0,38.7,14.0,0
614429,female,29,163.0,64.0,27.0,106.0,40.9,164.0,1
364504,male,34,180.0,84.0,30.0,114.0,40.8,219.0,1
218916,male,37,182.0,81.0,10.0,91.0,39.7,42.0,0
352493,female,22,153.0,54.0,16.0,94.0,40.6,78.0,1
466756,male,40,187.0,86.0,21.0,97.0,40.6,109.0,1
72738,male,39,185.0,85.0,3.0,87.0,38.4,10.0,0
496773,female,54,153.0,54.0,9.0,90.0,39.9,47.0,0
86586,female,44,170.0,71.0,12.0,102.0,39.9,69.0,0
31038,male,38,179.0,80.0,22.0,106.0,40.4,142.0,1
745517,male,28,199.0,102.0,8.0,81.0,39.1,21.0,0
29446,female,35,155.0,57.0,26.0,105.0,40.8,161.0,1
537741,female,64,162.0,60.0,30.0,114.0,40.9,224.0,1
446025,female,70,158.0,62.0,15.0,90.0,40.3,76.0,0
108836,female,51,152.0,59.0,28.0,104.0,40.9,181.0,1
356576,male,37,169.0,79.0,24.0,102.0,40.9,135.0,1
324134,male,43,184.0,86.0,12.0,92.0,40.3,57.0,0
679220,female,40,152.0,54.0,3.0,87.0,38.9,14.0,0
608077,male,48,191.0,102.0,15.0,91.0,40.3,73.0,0
161368,female,27,154.0,58.0,3.0,80.0,38.6,10.0,0
256465,male,35,189.0,90.0,11.0,88.0,40.0,42.0,0
646410,male,55,181.0,87.0,18.0,98.0,40.3,112.0,1
618794,female,50,156.0,61.0,26.0,111.0,40.8,183.0,1
663597,male,33,196.0,96.0,18.0,98.0,40.5,92.0,1
36696,female,55,152.0,52.0,2.0,85.0,37.9,7.0,0
272527,male,64,182.0,86.0,28.0,116.0,40.8,252.0,1
363026,female,35,170.0,68.0,14.0,101.0,40.3,75.0,1
428113,female,30,171.0,72.0,8.0,88.0,39.8,33.0,0
256729,female,53,171.0,70.0,20.0,102.0,40.4,117.0,1
670142,female,47,166.0,68.0,25.0,109.0,40.9,169.0,1
553435,male,48,193.0,98.0,6.0,87.0,39.5,24.0,0
389905,male,45,194.0,99.0,18.0,103.0,40.6,125.0,1
658969,male,45,187.0,92.0,23.0,103.0,40.7,149.0,1
222197,female,59,179.0,70.0,22.0,115.0,40.6,159.0,1
314094,male,72,187.0,92.0,14.0,99.0,40.3,95.0,1
325615,female,61,164.0,68.0,20.0,103.0,40.3,136.0,1
85531,female,31,166.0,61.0,27.0,107.0,40.7,167.0,1
568574,female,48,161.0,64.0,11.0,98.0,40.4,59.0,0
644434,female,39,161.0,58.0,25.0,107.0,40.6,165.0,1
284303,female,29,184.0,72.0,5.0,89.0,39.0,21.0,0
323132,female,25,167.0,65.0,3.0,84.0,38.6,11.0,0
743735,female,34,172.0,63.0,8.0,95.0,39.6,40.0,0
82628,female,54,169.0,66.0,25.0,109.0,40.7,175.0,1
325045,male,65,160.0,61.0,26.0,107.0,40.8,194.0,1
19423,female,52,161.0,61.0,7.0,86.0,39.4,33.0,0
620376,female,61,158.0,62.0,11.0,93.0,40.1,57.0,0
634985,female,26,166.0,64.0,13.0,99.0,39.7,70.0,0
25155,female,72,181.0,72.0,8.0,89.0,39.4,38.0,0
349211,male,49,189.0,85.0,8.0,95.0,39.6,40.0,0
180807,female,21,181.0,70.0,13.0,85.0,39.6,32.0,0
84275,male,65,201.0,102.0,19.0,103.0,40.6,147.0,1
41240,male,34,191.0,93.0,26.0,106.0,40.6,167.0,1
196020,male,48,196.0,102.0,28.0,103.0,40.4,191.0,1
740159,male,72,176.0,83.0,24.0,109.0,40.7,215.0,1
319830,female,60,164.0,64.0,1.0,91.0,37.7,5.0,0
568053,female,20,162.0,61.0,19.0,106.0,40.4,115.0,1
82484,female,45,172.0,74.0,24.0,103.0,40.7,146.0,1
587313,female,24,165.0,65.0,10.0,89.0,39.8,42.0,0
264775,female,22,147.0,48.0,26.0,109.0,40.7,166.0,1
600893,female,21,147.0,50.0,8.0,86.0,39.7,32.0,0
100113,male,20,178.0,76.0,21.0,102.0,40.5,103.0,1
313170,male,61,188.0,93.0,30.0,115.0,40.6,258.0,1
396328,female,48,166.0,64.0,6.0,81.0,38.9,23.0,0
621568,female,33,171.0,69.0,26.0,101.0,40.9,147.0,1
572328,male,59,187.0,84.0,18.0,103.0,40.5,133.0,1
552464,male,45,193.0,98.0,4.0,82.0,38.7,14.0,0
229069,female,41,168.0,67.0,22.0,105.0,40.2,136.0,1
304217,male,25,197.0,99.0,2.0,82.0,38.2,5.0,0
337702,female,69,177.0,75.0,20.0,102.0,40.7,121.0,1
326322,male,53,184.0,84.0,14.0,91.0,40.3,68.0,0
312281,female,39,170.0,69.0,6.0,87.0,39.3,23.0,0
569111,male,20,179.0,84.0,8.0,82.0,39.8,19.0,0
147783,male,25,187.0,88.0,30.0,111.0,40.9,200.0,1
242517,male,35,183.0,75.0,9.0,94.0,39.7,41.0,0
160268,male,32,197.0,103.0,16.0,95.0,40.1,73.0,0
689521,male,38,186.0,87.0,5.0,91.0,39.1,21.0,0
735637,female,45,154.0,62.0,16.0,102.0,40.4,95.0,1
301854,female,46,168.0,63.0,8.0,88.0,39.6,38.0,0
643695,female,37,150.0,53.0,18.0,103.0,40.6,109.0,1
23750,female,33,165.0,62.0,26.0,110.0,40.7,175.0,1
597050,male,30,180.0,81.0,22.0,94.0,40.6,98.0,1
140165,male,38,191.0,96.0,4.0,90.0,39.0,18.0,0
79576,male,21,182.0,86.0,21.0,99.0,40.6,96.0,1
10775,female,25,164.0,60.0,16.0,93.0,40.3,73.0,1
203133,female,61,161.0,59.0,8.0,90.0,39.8,38.0,0
527812,male,20,175.0,74.0,28.0,104.0,40.9,146.0,1
607572,female,51,167.0,66.0,10.0,88.0,39.4,46.0,0
37654,male,61,183.0,88.0,8.0,87.0,39.9,41.0,0
279609,female,43,152.0,54.0,9.0,92.0,39.6,45.0,0
174177,male,39,184.0,77.0,4.0,82.0,38.9,13.0,0
329230,male,24,187.0,92.0,8.0,85.0,39.4,23.0,0
705256,male,67,179.0,79.0,9.0,92.0,39.8,52.0,0
437334,male,44,168.0,72.0,13.0,90.0,40.2,57.0,0
151685,female,35,180.0,74.0,17.0,95.0,40.3,86.0,1
506113,male,40,173.0,73.0,8.0,81.0,39.3,24.0,0
615669,female,36,165.0,69.0,3.0,77.0,38.6,9.0,0
527235,male,45,169.0,68.0,17.0,89.0,40.5,67.0,0
476462,female,21,161.0,60.0,30.0,115.0,40.9,206.0,1
665416,female,65,167.0,70.0,27.0,117.0,41.3,232.0,1
416648,male,20,179.0,84.0,29.0,100.0,40.9,133.0,1
130667,female,44,169.0,69.0,27.0,106.0,41.2,170.0,1
376809,male,30,183.0,80.0,15.0,96.0,40.3,69.0,0
702317,male,58,194.0,103.0,5.0,89.0,39.1,25.0,0
28928,female,41,181.0,77.0,21.0,93.0,40.4,103.0,1
366819,male,29,197.0,98.0,6.0,89.0,39.2,23.0,0
495588,female,50,162.0,65.0,21.0,107.0,40.7,138.0,1
341681,male,21,181.0,75.0,27.0,99.0,40.8,115.0,1
545949,male,38,195.0,93.0,5.0,81.0,38.7,13.0,0
170081,male,26,172.0,72.0,29.0,103.0,40.8,152.0,1
699651,male,20,168.0,77.0,25.0,103.0,40.6,118.0,1
312164,female,32,163.0,61.0,15.0,92.0,40.1,69.0,0
447857,female,40,152.0,55.0,10.0,98.0,40.0,55.0,0
717986,female,75,156.0,53.0,13.0,93.0,40.0,74.0,0
703536,male,46,182.0,78.0,21.0,99.0,40.3,116.0,1
705310,male,33,178.0,81.0,9.0,93.0,39.7,39.0,0
226632,male,59,177.0,77.0,15.0,103.0,40.5,108.0,1
191630,female,58,163.0,61.0,29.0,106.0,41.1,195.0,1
433415,male,42,196.0,92.0,26.0,104.0,40.8,175.0,1
410403,female,28,156.0,59.0,8.0,82.0,39.6,28.0,0
387076,male,38,177.0,78.0,4.0,85.0,38.8,13.0,0
687998,female,49,173.0,69.0,16.0,99.0,40.4,92.0,1
465153,male,52,183.0,88.0,9.0,86.0,39.4,38.0,0
59577,male,34,173.0,77.0,24.0,110.0,40.6,156.0,1
617453,male,34,197.0,100.0,19.0,104.0,40.9,121.0,1
630839,female,42,167.0,63.0,25.0,111.0,40.8,176.0,1
490287,male,71,191.0,91.0,7.0,93.0,39.4,41.0,0
671401,male,43,186.0,92.0,24.0,106.0,40.7,165.0,1
45613,female,42,157.0,54.0,17.0,96.0,40.4,90.0,1
311599,male,64,185.0,88.0,22.0,104.0,40.9,165.0,1
35509,female,24,160.0,63.0,6.0,84.0,39.4,22.0,0
705411,male,61,178.0,73.0,15.0,87.0,40.5,70.0,0
37579,male,32,191.0,90.0,7.0,84.0,39.5,20.0,0
534661,female,32,153.0,56.0,15.0,97.0,40.0,82.0,1
105644,male,40,187.0,87.0,6.0,82.0,39.2,20.0,0
585922,female,33,159.0,62.0,8.0,91.0,39.7,36.0,0
79708,male,32,192.0,91.0,2.0,89.0,38.2,8.0,0
549065,male,41,180.0,81.0,5.0,86.0,39.1,17.0,0
396535,male,54,193.0,98.0,3.0,87.0,38.0,15.0,0
590910,male,31,181.0,84.0,3.0,91.0,38.6,12.0,0
397608,male,22,172.0,80.0,30.0,115.0,41.2,205.0,1
384500,male,53,175.0,71.0,29.0,108.0,40.7,200.0,1
315140,female,45,178.0,73.0,17.0,94.0,40.4,88.0,1
218770,female,75,163.0,65.0,18.0,98.0,40.7,109.0,1
235119,female,29,160.0,59.0,19.0,110.0,40.4,129.0,1
242716,male,35,185.0,97.0,26.0,104.0,40.9,158.0,1
194409,male,44,183.0,81.0,10.0,91.0,40.1,44.0,0
645486,female,21,168.0,64.0,22.0,99.0,40.4,112.0,1
427688,male,45,182.0,91.0,28.0,98.0,40.8,157.0,1
712450,female,29,163.0,58.0,13.0,92.0,40.2,62.0,0
261709,female,41,163.0,62.0,5.0,87.0,39.0,19.0,0
133045,male,44,196.0,100.0,20.0,104.0,40.4,137.0,1
61595,female,32,159.0,54.0,18.0,96.0,40.7,92.0,1
318502,female,64,163.0,61.0,27.0,106.0,40.7,184.0,1
715195,female,36,164.0,58.0,12.0,92.0,39.9,55.0,0
519988,female,33,172.0,70.0,1.0,76.0,37.7,2.0,0
280205,male,21,180.0,83.0,5.0,87.0,39.0,15.0,0
564662,male,24,169.0,74.0,4.0,90.0,38.8,13.0,0
684603,female,57,177.0,73.0,8.0,86.0,39.6,38.0,0
19281,male,50,193.0,92.0,24.0,99.0,40.7,145.0,1
268124,male,61,186.0,93.0,26.0,102.0,40.9,186.0,1
219135,male,53,174.0,83.0,26.0,108.0,40.8,193.0,1
681790,female,51,168.0,66.0,19.0,103.0,40.7,115.0,1
527998,male,32,204.0,101.0,16.0,101.0,40.5,91.0,1
607426,female,27,158.0,51.0,3.0,80.0,38.7,10.0,0
359247,female,33,165.0,61.0,20.0,93.0,40.3,95.0,1
71162,female,28,158.0,60.0,30.0,110.0,40.9,202.0,1
44684,male,36,193.0,91.0,5.0,90.0,39.1,20.0,0
285682,female,57,164.0,59.0,16.0,93.0,40.3,83.0,1
400793,female,21,151.0,56.0,3.0,76.0,38.8,9.0,0
382473,female,26,180.0,77.0,24.0,104.0,40.7,139.0,1
132544,female,46,176.0,73.0,26.0,107.0,40.9,168.0,1
15671,male,48,189.0,92.0,20.0,100.0,40.4,121.0,1
567436,male,54,191.0,93.0,25.0,108.0,40.5,190.0,1
59014,male,30,179.0,76.0,27.0,105.0,40.7,156.0,1
646311,female,21,166.0,66.0,25.0,108.0,40.8,154.0,1
238062,male,65,198.0,102.0,8.0,87.0,39.4,42.0,0
138415,male,51,193.0,89.0,24.0,107.0,40.8,171.0,1
14479,male,53,183.0,87.0,6.0,82.0,39.2,22.0,0
721540,female,30,167.0,70.0,5.0,82.0,39.2,16.0,0
242730,female,29,173.0,70.0,4.0,83.0,39.2,14.0,0
384101,female,20,158.0,58.0,19.0,99.0,40.4,101.0,1
693196,male,24,181.0,79.0,20.0,103.0,40.4,102.0,1
402673,male,26,188.0,84.0,28.0,110.0,40.8,176.0,1
691942,female,22,171.0,69.0,6.0,89.0,39.5,24.0,0
95575,male,40,185.0,85.0,19.0,99.0,40.5,105.0,1
416970,female,23,164.0,60.0,5.0,79.0,39.0,14.0,0
526863,female,51,146.0,51.0,29.0,101.0,40.7,175.0,1
319748,female,40,174.0,74.0,4.0,88.0,39.1,15.0,0
92592,male,38,177.0,76.0,5.0,82.0,39.0,14.0,0
623115,male,20,175.0,80.0,14.0,97.0,39.9,54.0,0
122557,male,22,194.0,91.0,12.0,93.0,40.1,45.0,0
709673,female,45,169.0,69.0,5.0,75.0,39.0,15.0,0
740646,female,67,155.0,55.0,25.0,106.0,40.8,172.0,1
221574,female,52,156.0,54.0,17.0,92.0,40.5,86.0,1
458336,female,79,162.0,62.0,12.0,95.0,39.9,72.0,0
400485,male,25,164.0,66.0,9.0,89.0,39.5,28.0,0
301934,male,38,200.0,102.0,15.0,102.0,40.2,93.0,1
690583,male,28,183.0,81.0,15.0,94.0,40.1,63.0,0
540183,female,64,154.0,59.0,20.0,105.0,40.6,135.0,1
697930,female,27,171.0,67.0,10.0,99.0,39.8,51.0,0
260565,female,56,164.0,65.0,4.0,90.0,38.6,19.0,0
154449,male,49,186.0,82.0,26.0,107.0,40.6,180.0,1
648063,female,24,158.0,55.0,27.0,114.0,40.6,193.0,1
426445,male,30,194.0,99.0,14.0,93.0,40.0,60.0,0
525555,male,40,208.0,111.0,24.0,103.0,40.7,161.0,1
441583,male,48,187.0,88.0,11.0,92.0,40.5,52.0,0
406224,female,30,154.0,52.0,5.0,87.0,39.2,22.0,0
410009,female,25,166.0,59.0,5.0,84.0,39.4,19.0,0
413107,male,38,197.0,99.0,3.0,85.0,38.7,10.0,0
50587,female,47,167.0,66.0,6.0,87.0,39.4,26.0,0
150818,male,21,190.0,93.0,20.0,105.0,40.1,112.0,1
523063,female,22,174.0,74.0,3.0,85.0,38.6,9.0,0
111421,female,55,172.0,71.0,22.0,102.0,40.7,137.0,1
226855,male,31,187.0,91.0,15.0,96.0,40.3,70.0,0
623410,female,55,161.0,65.0,7.0,96.0,39.4,38.0,0
237569,female,31,155.0,55.0,3.0,78.0,38.6,10.0,0
34204,male,47,187.0,90.0,24.0,105.0,40.6,162.0,1
199536,male,31,193.0,92.0,12.0,88.0,39.9,44.0,0
541846,female,61,161.0,65.0,9.0,93.0,39.4,47.0,0
392728,male,35,176.0,75.0,28.0,107.0,40.8,184.0,1
625310,female,20,149.0,53.0,15.0,92.0,40.5,71.0,1
265338,male,21,159.0,64.0,26.0,103.0,40.7,123.0,1
15147,female,29,160.0,61.0,14.0,95.0,40.0,68.0,0
143938,female,28,174.0,66.0,14.0,98.0,40.4,74.0,1
485151,male,37,180.0,80.0,17.0,98.0,40.4,86.0,1
108865,male,44,191.0,86.0,19.0,98.0,40.7,106.0,1
35325,male,35,190.0,93.0,23.0,96.0,41.0,110.0,1
57917,male,52,182.0,88.0,3.0,80.0,38.7,10.0,0
348896,female,69,154.0,61.0,16.0,95.0,40.4,97.0,1
636923,female,38,169.0,66.0,19.0,101.0,40.4,109.0,1
347289,female,33,164.0,67.0,28.0,107.0,40.7,173.0,1
594214,male,50,191.0,91.0,7.0,89.0,39.4,33.0,0
448023,male,59,197.0,104.0,5.0,82.0,39.4,21.0,0
586888,female,23,173.0,68.0,12.0,85.0,39.9,48.0,0
651014,female,55,169.0,64.0,28.0,112.0,40.8,197.0,1
414886,male,70,189.0,94.0,10.0,92.0,40.0,58.0,0
518367,female,40,166.0,62.0,7.0,84.0,39.4,28.0,0
256833,female,26,159.0,54.0,17.0,105.0,40.4,103.0,1
406663,male,57,193.0,94.0,17.0,98.0,40.4,108.0,1
400354,female,21,174.0,70.0,26.0,111.0,40.7,169.0,1
467788,female,45,153.0,60.0,28.0,113.0,40.7,200.0,1
270500,male,58,180.0,88.0,11.0,98.0,39.9,76.0,0
460866,female,32,167.0,66.0,5.0,86.0,39.3,20.0,0
255054,male,50,185.0,94.0,24.0,102.0,40.2,162.0,1
105837,male,21,194.0,90.0,14.0,88.0,40.0,44.0,0
399860,male,51,183.0,83.0,26.0,102.0,40.8,164.0,1
664588,female,21,163.0,62.0,3.0,77.0,38.6,9.0,0
365195,female,62,165.0,66.0,14.0,92.0,40.3,73.0,0
460740,female,60,168.0,67.0,8.0,93.0,39.4,39.0,0
308259,female,27,170.0,64.0,13.0,94.0,40.1,63.0,0
371733,female,62,181.0,77.0,5.0,88.0,39.5,25.0,0
288713,female,23,151.0,54.0,16.0,93.0,40.3,79.0,1
564025,female,29,160.0,53.0,28.0,110.0,40.6,184.0,1
159061,female,26,173.0,66.0,14.0,87.0,40.1,58.0,0
281325,female,42,163.0,63.0,19.0,102.0,40.3,108.0,1
195431,female,44,172.0,72.0,22.0,96.0,40.7,116.0,1
38293,female,22,158.0,54.0,10.0,93.0,40.1,48.0,0
358089,female,58,171.0,74.0,26.0,112.0,40.6,184.0,1
96363,male,38,180.0,88.0,11.0,92.0,39.7,48.0,0
331081,female,24,154.0,58.0,8.0,92.0,39.4,36.0,0
89167,female,28,171.0,72.0,10.0,95.0,39.8,47.0,0
663358,male,75,181.0,90.0,30.0,107.0,40.6,259.0,1
470236,male,30,190.0,89.0,15.0,93.0,40.3,62.0,0
670746,female,42,178.0,74.0,16.0,90.0,40.3,74.0,0
680794,male,37,188.0,88.0,27.0,104.0,41.0,169.0,1
90408,female,38,153.0,57.0,14.0,81.0,40.4,61.0,0
344264,male,22,185.0,85.0,24.0,93.0,40.7,93.0,1
420578,female,32,153.0,53.0,16.0,90.0,40.4,74.0,0
564092,male,28,190.0,94.0,9.0,88.0,39.8,30.0,0
668091,female,49,156.0,57.0,12.0,92.0,39.8,58.0,0
247887,female,34,183.0,75.0,18.0,97.0,40.4,96.0,1
64600,female,29,164.0,60.0,24.0,105.0,40.8,146.0,1
135930,female,62,159.0,59.0,7.0,91.0,39.5,34.0,0
363063,male,42,173.0,73.0,5.0,88.0,39.1,19.0,0
686900,male,30,190.0,88.0,4.0,82.0,39.0,11.0,0
743575,female,39,157.0,61.0,2.0,82.0,38.4,8.0,0
521049,male,28,174.0,78.0,25.0,108.0,40.6,152.0,1
513736,male,26,193.0,99.0,6.0,89.0,39.4,22.0,0
729162,male,20,191.0,95.0,22.0,101.0,40.5,110.0,1
507062,female,27,166.0,69.0,22.0,95.0,40.3,107.0,1
641388,male,28,191.0,91.0,29.0,106.0,40.7,181.0,1
376195,female,24,161.0,54.0,16.0,93.0,40.1,76.0,0
636522,male,31,182.0,84.0,19.0,102.0,40.2,108.0,1
151283,female,57,156.0,55.0,17.0,93.0,40.4,88.0,1
703773,male,29,194.0,97.0,9.0,79.0,39.7,23.0,0
300882,female,64,153.0,55.0,17.0,99.0,40.7,104.0,1
731551,male,23,193.0,98.0,1.0,87.0,37.8,3.0,0
635907,male,73,188.0,88.0,24.0,104.0,40.6,187.0,1
558581,female,56,155.0,57.0,22.0,102.0,40.6,134.0,1
148578,female,50,158.0,61.0,30.0,113.0,40.9,216.0,1
677744,male,38,173.0,73.0,26.0,101.0,40.8,145.0,1
484911,male,45,171.0,79.0,11.0,93.0,40.0,53.0,0
558719,male,37,173.0,73.0,24.0,113.0,40.6,180.0,1
327725,female,21,162.0,59.0,22.0,102.0,40.7,121.0,1
384081,male,32,204.0,102.0,21.0,102.0,40.7,125.0,1
315528,female,29,162.0,59.0,14.0,85.0,40.2,56.0,0
334049,female,21,177.0,69.0,5.0,83.0,39.0,16.0,0
104450,female,23,178.0,76.0,18.0,95.0,40.4,81.0,1
118007,male,48,176.0,80.0,1.0,82.0,37.7,3.0,0
150930,female,33,152.0,54.0,14.0,86.0,40.2,59.0,0
356711,female,73,164.0,68.0,29.0,117.0,40.8,232.0,1
89718,male,47,192.0,101.0,27.0,104.0,40.8,186.0,1
44910,female,21,183.0,79.0,24.0,104.0,40.9,131.0,1
655640,female,73,179.0,77.0,12.0,91.0,40.1,61.0,0
156610,male,32,179.0,79.0,10.0,96.0,39.7,46.0,0
272269,female,38,164.0,64.0,18.0,96.0,40.7,95.0,1
188559,male,62,203.0,111.0,11.0,97.0,39.8,77.0,0
90782,female,32,180.0,72.0,16.0,91.0,40.3,68.0,0
424135,male,51,203.0,102.0,19.0,92.0,40.4,103.0,1
647817,male,32,188.0,87.0,6.0,87.0,39.1,17.0,0
238749,female,21,177.0,73.0,2.0,77.0,38.3,5.0,0
557477,female,33,159.0,53.0,5.0,79.0,39.6,16.0,0
143025,female,39,178.0,76.0,19.0,98.0,40.5,100.0,1
331726,female,26,167.0,64.0,28.0,112.0,40.8,191.0,1
355527,female,71,172.0,75.0,20.0,101.0,40.6,129.0,1
704251,female,21,160.0,58.0,21.0,98.0,40.7,108.0,1
86143,female,74,157.0,58.0,13.0,89.0,40.0,69.0,0
335693,female,30,167.0,60.0,3.0,85.0,38.8,12.0,0
633932,male,48,187.0,88.0,11.0,90.0,40.1,52.0,0
362093,female,61,165.0,66.0,5.0,84.0,39.3,21.0,0
239950,male,40,179.0,80.0,14.0,99.0,40.2,74.0,1
214534,female,60,154.0,60.0,2.0,72.0,38.2,6.0,0
224152,male,36,190.0,96.0,8.0,87.0,39.9,32.0,0
13052,male,31,176.0,78.0,21.0,101.0,40.6,111.0,1
447397,female,24,158.0,54.0,26.0,106.0,40.7,159.0,1
291686,male,37,187.0,93.0,30.0,115.0,40.7,250.0,1
608391,male,48,199.0,103.0,14.0,95.0,40.3,81.0,0
107422,female,32,153.0,57.0,13.0,91.0,40.4,60.0,0
434142,male,44,172.0,78.0,4.0,83.0,38.9,13.0,0
554998,female,60,161.0,62.0,16.0,91.0,40.3,80.0,1
217704,female,44,173.0,68.0,11.0,79.0,40.0,35.0,0
674528,female,20,151.0,54.0,15.0,94.0,40.0,71.0,0
466378,female,48,159.0,61.0,25.0,102.0,40.5,151.0,1
742130,male,23,186.0,86.0,15.0,96.0,40.3,64.0,0
54010,male,25,174.0,77.0,6.0,101.0,39.5,39.0,0
228215,female,31,167.0,60.0,24.0,97.0,41.1,123.0,1
196998,male,39,186.0,89.0,3.0,81.0,39.0,9.0,0
679050,male,32,184.0,84.0,3.0,87.0,38.6,9.0,0
720057,female,24,153.0,56.0,11.0,92.0,40.1,52.0,0
270211,male,50,184.0,85.0,26.0,104.0,40.8,176.0,1
19458,female,20,169.0,64.0,14.0,92.0,40.2,59.0,0
502688,male,69,172.0,75.0,4.0,92.0,38.8,25.0,0
350554,female,72,179.0,75.0,26.0,110.0,40.6,181.0,1
37296,female,54,163.0,66.0,22.0,107.0,40.6,143.0,1
334301,male,47,193.0,97.0,20.0,103.0,40.6,136.0,1
276222,male,35,181.0,75.0,30.0,108.0,40.7,195.0,1
607423,female,39,177.0,76.0,14.0,90.0,40.2,61.0,0
121901,female,20,165.0,64.0,18.0,88.0,40.3,63.0,0
411162,male,22,187.0,89.0,29.0,112.0,40.8,187.0,1
668285,female,60,153.0,51.0,27.0,104.0,40.9,181.0,1
502598,male,62,196.0,99.0,10.0,91.0,40.1,58.0,0
414837,female,42,157.0,58.0,22.0,97.0,40.4,120.0,1
137134,female,43,169.0,70.0,21.0,101.0,40.9,124.0,1
736127,male,50,179.0,84.0,7.0,84.0,39.5,25.0,0
338927,female,46,161.0,57.0,13.0,91.0,40.5,64.0,0
605912,male,49,178.0,82.0,26.0,109.0,40.7,191.0,1
433938,male,64,172.0,80.0,3.0,85.0,38.6,16.0,0
235585,female,57,178.0,74.0,21.0,98.0,40.3,114.0,1
552581,female,20,167.0,63.0,9.0,90.0,39.8,37.0,0
582542,female,29,171.0,73.0,18.0,96.0,40.4,87.0,1
240821,male,55,177.0,76.0,3.0,82.0,39.3,11.0,0
200441,female,53,166.0,67.0,13.0,81.0,40.0,50.0,0
184807,female,27,169.0,67.0,4.0,80.0,39.0,13.0,0
386516,female,61,159.0,58.0,26.0,102.0,40.6,173.0,1
154476,female,25,161.0,58.0,20.0,98.0,40.3,106.0,1
418808,male,64,190.0,94.0,27.0,110.0,40.7,238.0,1
621084,female,21,159.0,57.0,20.0,104.0,40.6,113.0,1
218310,female,26,177.0,75.0,23.0,117.0,40.7,151.0,1
299499,female,64,160.0,59.0,6.0,87.0,39.6,28.0,0
154890,male,44,187.0,78.0,25.0,99.0,40.8,143.0,1
426498,male,44,177.0,83.0,27.0,108.0,40.8,189.0,1
270289,male,40,169.0,77.0,28.0,111.0,40.6,201.0,1
672583,male,53,170.0,79.0,25.0,99.0,40.8,156.0,1
2852,female,22,161.0,56.0,27.0,105.0,40.6,158.0,1
262058,male,24,192.0,93.0,5.0,83.0,39.0,13.0,0
502489,male,67,201.0,98.0,28.0,106.0,40.7,227.0,1
185662,female,55,188.0,82.0,24.0,110.0,40.7,165.0,1
181576,male,54,181.0,86.0,15.0,98.0,40.2,92.0,1
552692,female,39,179.0,75.0,2.0,80.0,38.5,7.0,0
589881,male,71,193.0,97.0,21.0,107.0,40.9,179.0,1
604356,female,34,178.0,74.0,25.0,109.0,40.6,160.0,1
259292,female,57,166.0,65.0,16.0,100.0,40.2,98.0,1
17762,female,60,157.0,71.0,13.0,93.0,40.2,67.0,0
4523,male,21,179.0,78.0,22.0,99.0,40.5,96.0,1
236697,female,33,153.0,55.0,11.0,89.0,40.0,49.0,0
46228,male,50,169.0,72.0,19.0,100.0,40.4,113.0,1
595539,female,44,172.0,69.0,24.0,106.0,40.7,146.0,1
249049,female,48,164.0,61.0,14.0,101.0,40.4,79.0,1
516928,female,57,169.0,69.0,17.0,90.0,40.2,82.0,0
99992,male,31,187.0,92.0,6.0,92.0,39.7,25.0,0
706349,male,29,186.0,85.0,22.0,104.0,40.7,124.0,1
332854,female,27,167.0,71.0,5.0,93.0,39.0,22.0,0
104759,female,38,172.0,69.0,18.0,97.0,40.3,93.0,1
692718,male,45,184.0,82.0,5.0,86.0,39.2,17.0,0
370529,female,38,173.0,71.0,20.0,101.0,40.7,116.0,1
109595,female,44,158.0,57.0,4.0,87.0,38.8,17.0,0
166311,female,40,161.0,60.0,13.0,92.0,40.3,63.0,0
244730,female,52,167.0,63.0,19.0,108.0,40.3,127.0,1
235174,female,25,151.0,51.0,20.0,99.0,40.3,111.0,1
131072,male,36,190.0,89.0,7.0,81.0,39.3,20.0,0
455718,female,58,156.0,56.0,9.0,84.0,39.7,38.0,0
450657,female,64,162.0,60.0,12.0,91.0,40.1,64.0,0
34036,female,60,172.0,66.0,11.0,98.0,40.2,61.0,0
541114,male,20,180.0,78.0,10.0,91.0,39.6,32.0,0
633634,male,64,181.0,87.0,27.0,107.0,40.9,204.0,1
485608,female,27,167.0,69.0,19.0,102.0,40.6,106.0,1
226591,female,57,165.0,66.0,18.0,102.0,40.5,109.0,1
464045,male,29,181.0,79.0,12.0,91.0,40.5,50.0,0
155237,male,51,183.0,88.0,20.0,100.0,40.7,124.0,1
588191,male,26,193.0,99.0,5.0,82.0,39.0,12.0,0
250989,female,55,173.0,69.0,2.0,85.0,38.1,8.0,0
131830,female,50,152.0,52.0,19.0,99.0,40.5,107.0,1
150414,female,63,170.0,71.0,8.0,92.0,39.7,41.0,0
534557,male,40,191.0,88.0,14.0,93.0,40.3,64.0,0
670270,female,57,172.0,70.0,4.0,83.0,38.9,17.0,0
240934,female,33,166.0,62.0,19.0,105.0,40.4,118.0,1
473874,male,48,184.0,83.0,16.0,94.0,40.4,82.0,1
13682,female,30,175.0,72.0,12.0,91.0,39.9,55.0,0
494825,female,63,164.0,67.0,15.0,90.0,40.0,75.0,0
623633,female,27,162.0,61.0,8.0,85.0,39.6,32.0,0
39281,male,32,193.0,99.0,20.0,98.0,40.7,106.0,1
568537,male,61,204.0,106.0,11.0,92.0,39.9,63.0,0
544949,male,22,179.0,76.0,7.0,87.0,39.2,22.0,0
716170,male,46,182.0,78.0,19.0,96.0,40.3,95.0,1
184004,female,29,151.0,51.0,20.0,94.0,40.6,101.0,1
675826,male,39,191.0,94.0,6.0,88.0,39.2,24.0,0
49503,female,70,164.0,63.0,5.0,81.0,38.9,21.0,0
599705,male,31,187.0,91.0,3.0,84.0,38.5,10.0,0
430788,female,21,170.0,65.0,23.0,107.0,40.7,138.0,1
53078,male,25,192.0,96.0,8.0,91.0,39.9,31.0,0
612334,male,36,192.0,90.0,7.0,81.0,39.4,19.0,0
123434,female,45,171.0,73.0,16.0,98.0,40.3,85.0,1
356277,female,59,161.0,63.0,26.0,102.0,41.0,162.0,1
464919,female,23,172.0,66.0,20.0,105.0,40.5,110.0,1
329332,male,30,192.0,92.0,21.0,101.0,40.6,118.0,1
314000,female,42,170.0,71.0,12.0,89.0,40.1,55.0,0
419164,female,28,165.0,59.0,18.0,98.0,40.5,94.0,1
563298,female,70,164.0,62.0,2.0,91.0,38.3,10.0,0
340345,male,20,179.0,82.0,5.0,87.0,39.0,12.0,0
195545,female,35,166.0,66.0,24.0,104.0,40.6,142.0,1
339025,female,44,176.0,70.0,6.0,87.0,39.4,25.0,0
185912,female,32,172.0,69.0,12.0,95.0,39.8,61.0,0
176144,female,21,158.0,57.0,16.0,96.0,40.2,76.0,1
351914,female,36,161.0,59.0,29.0,106.0,40.6,178.0,1
13753,male,25,187.0,88.0,3.0,83.0,39.0,7.0,0
463670,female,22,171.0,72.0,10.0,87.0,39.8,36.0,0
717049,female,21,173.0,72.0,20.0,97.0,40.2,91.0,1
543989,male,33,171.0,71.0,5.0,92.0,39.1,21.0,0
178348,male,28,191.0,83.0,15.0,96.0,40.2,69.0,0
507084,male,47,195.0,92.0,27.0,104.0,40.7,186.0,1
543064,female,37,163.0,62.0,1.0,73.0,37.5,2.0,0
203964,female,26,170.0,64.0,2.0,87.0,38.5,8.0,0
249775,female,36,176.0,72.0,21.0,104.0,40.5,124.0,1
353452,male,25,198.0,99.0,25.0,107.0,40.8,161.0,1
375655,female,39,159.0,59.0,25.0,101.0,40.8,145.0,1
179545,female,63,166.0,65.0,29.0,108.0,40.7,196.0,1
490433,male,79,190.0,99.0,21.0,104.0,40.9,183.0,1
334930,female,21,159.0,59.0,27.0,112.0,40.9,178.0,1
184635,female,72,164.0,69.0,13.0,97.0,40.1,79.0,0
314681,male,32,192.0,95.0,28.0,101.0,40.9,166.0,1
691573,male,22,185.0,90.0,8.0,84.0,39.8,17.0,0
571045,male,34,184.0,82.0,23.0,110.0,40.4,161.0,1
94225,male,54,202.0,107.0,5.0,81.0,39.4,19.0,0
703480,female,27,165.0,65.0,12.0,91.0,39.8,54.0,0
582154,female,24,167.0,63.0,6.0,88.0,39.3,26.0,0
565800,female,35,178.0,75.0,29.0,112.0,40.9,199.0,1
247175,male,31,179.0,82.0,11.0,95.0,39.7,49.0,0
172548,female,39,174.0,70.0,17.0,91.0,40.2,76.0,0
652725,male,38,193.0,96.0,24.0,108.0,40.8,167.0,1
269294,male,47,178.0,82.0,16.0,97.0,40.4,89.0,1
674602,male,59,194.0,99.0,21.0,102.0,40.5,153.0,1
454156,male,50,177.0,80.0,28.0,106.0,40.8,197.0,1
261089,female,37,158.0,58.0,26.0,105.0,40.5,160.0,1
99644,female,22,174.0,67.0,4.0,83.0,38.9,14.0,0
313022,male,59,188.0,89.0,12.0,87.0,39.9,59.0,0
388719,female,70,173.0,68.0,9.0,85.0,39.6,41.0,0
603559,female,33,171.0,74.0,17.0,96.0,40.3,85.0,1
459458,male,40,184.0,91.0,6.0,90.0,39.4,27.0,0
650323,male,34,185.0,86.0,14.0,92.0,40.5,60.0,0
577051,male,38,200.0,95.0,12.0,94.0,40.0,59.0,0
351714,female,63,156.0,68.0,4.0,89.0,39.2,21.0,0
482822,female,42,156.0,56.0,16.0,97.0,40.0,89.0,1
611287,male,21,192.0,90.0,29.0,99.0,40.7,135.0,1
427504,male,42,177.0,79.0,7.0,85.0,39.6,26.0,0
204356,male,44,199.0,104.0,20.0,98.0,40.8,120.0,1
635558,male,56,185.0,89.0,26.0,106.0,40.7,190.0,1
483770,female,55,168.0,63.0,29.0,108.0,40.7,198.0,1
507500,female,32,168.0,62.0,15.0,96.0,40.0,77.0,0
384470,male,22,174.0,79.0,4.0,92.0,39.0,13.0,0
734729,male,72,181.0,82.0,26.0,100.0,40.7,180.0,1
687458,female,51,158.0,61.0,22.0,97.0,40.7,121.0,1
183376,female,49,172.0,66.0,18.0,105.0,40.3,110.0,1
192249,male,38,183.0,90.0,5.0,84.0,39.0,16.0,0
250817,female,25,182.0,74.0,21.0,101.0,40.6,113.0,1
207566,male,29,195.0,95.0,2.0,87.0,37.9,7.0,0
126860,female,27,164.0,61.0,26.0,108.0,40.6,165.0,1
52739,female,34,162.0,62.0,21.0,99.0,40.7,114.0,1
357808,female,66,165.0,62.0,29.0,108.0,40.8,208.0,1
179536,female,25,169.0,64.0,20.0,96.0,40.6,103.0,1
294053,female,49,165.0,66.0,28.0,111.0,40.7,196.0,1
675976,male,45,171.0,74.0,21.0,106.0,40.7,139.0,1
47225,female,26,160.0,55.0,18.0,103.0,40.3,100.0,1
215179,male,31,175.0,82.0,26.0,101.0,40.9,132.0,1
356540,male,22,182.0,82.0,28.0,114.0,40.9,197.0,1
200797,male,34,184.0,84.0,6.0,82.0,39.1,16.0,0
61465,male,45,188.0,91.0,8.0,90.0,39.5,36.0,0
448482,male,24,191.0,90.0,10.0,92.0,39.8,36.0,0
372323,male,23,183.0,87.0,27.0,106.0,40.4,157.0,1
10291,female,55,159.0,59.0,26.0,109.0,40.9,179.0,1
138185,female,64,186.0,85.0,17.0,101.0,40.1,101.0,1
365557,male,54,176.0,78.0,10.0,91.0,40.4,51.0,0
202033,male,61,190.0,95.0,26.0,102.0,40.7,191.0,1
383640,female,32,172.0,71.0,14.0,90.0,40.1,59.0,0
223440,female,23,162.0,60.0,23.0,102.0,40.8,124.0,1
256545,male,59,191.0,94.0,29.0,112.0,41.0,246.0,1
505445,female,55,179.0,81.0,9.0,94.0,39.1,45.0,0
643540,female,71,193.0,94.0,8.0,85.0,39.6,35.0,0
727998,male,32,194.0,99.0,12.0,91.0,40.0,51.0,0
44915,female,21,161.0,58.0,29.0,111.0,40.6,186.0,1
357235,female,72,167.0,67.0,14.0,91.0,40.5,74.0,0
193896,male,24,176.0,73.0,4.0,80.0,38.8,11.0,0
387212,female,21,158.0,54.0,9.0,90.0,39.8,39.0,0
311744,male,45,178.0,78.0,12.0,91.0,40.2,54.0,0
201914,male,61,177.0,79.0,5.0,82.0,39.0,17.0,0
659788,male,41,173.0,74.0,3.0,101.0,38.7,16.0,0
40860,male,26,183.0,83.0,8.0,89.0,39.9,26.0,0
425028,female,54,168.0,64.0,4.0,83.0,39.1,16.0,0
201237,male,31,185.0,87.0,21.0,104.0,40.5,122.0,1
624058,female,44,168.0,71.0,26.0,100.0,40.9,143.0,1
379315,female,40,154.0,52.0,18.0,100.0,40.1,103.0,1
174240,female,23,172.0,68.0,3.0,81.0,38.7,11.0,0
4970,male,40,193.0,90.0,19.0,94.0,40.7,94.0,1
60080,female,26,164.0,65.0,28.0,101.0,40.9,157.0,1
585512,male,45,189.0,91.0,17.0,98.0,40.4,100.0,1
655823,female,71,160.0,62.0,17.0,92.0,40.2,90.0,1
633583,female,42,172.0,71.0,7.0,92.0,40.3,32.0,0
179474,male,79,187.0,92.0,25.0,99.0,40.7,189.0,1
252533,female,29,153.0,51.0,11.0,91.0,40.2,49.0,0
249743,female,27,165.0,60.0,8.0,96.0,39.8,47.0,0
189867,male,31,184.0,85.0,20.0,104.0,40.4,118.0,1
410777,male,51,172.0,73.0,2.0,77.0,38.5,4.0,0
366304,male,34,181.0,88.0,10.0,94.0,39.8,43.0,0
683477,male,37,177.0,77.0,2.0,90.0,38.2,7.0,0
207460,female,29,178.0,72.0,26.0,94.0,41.1,123.0,1
378570,female,38,166.0,63.0,9.0,93.0,40.3,44.0,0
1135,female,73,176.0,79.0,9.0,109.0,40.0,186.0,1
136101,female,37,170.0,65.0,17.0,93.0,40.4,82.0,1
663753,male,42,187.0,86.0,15.0,93.0,40.4,70.0,0
683346,female,21,176.0,69.0,3.0,78.0,38.6,9.0,0
270851,female,45,163.0,59.0,5.0,82.0,39.4,19.0,0
428046,male,36,178.0,81.0,27.0,107.0,40.8,172.0,1
467701,male,25,188.0,85.0,24.0,104.0,40.6,132.0,1
473835,male,45,185.0,88.0,11.0,97.0,39.9,61.0,0
704000,male,45,193.0,96.0,7.0,91.0,39.8,34.0,0
595051,female,22,172.0,70.0,16.0,95.0,40.6,77.0,1
580449,male,24,177.0,82.0,12.0,93.0,40.0,43.0,0
48684,male,46,178.0,78.0,27.0,108.0,40.6,190.0,1
246405,male,21,201.0,99.0,17.0,100.0,40.4,95.0,1
438984,male,33,184.0,89.0,22.0,101.0,40.8,120.0,1
245542,female,58,164.0,61.0,20.0,101.0,40.7,119.0,1
735889,male,30,182.0,82.0,14.0,95.0,40.2,61.0,0
203204,female,63,150.0,55.0,22.0,102.0,40.5,139.0,1
638423,female,78,173.0,71.0,10.0,101.0,40.3,69.0,1
259143,female,44,174.0,69.0,25.0,104.0,40.8,150.0,1
160763,male,37,177.0,79.0,11.0,95.0,39.8,50.0,0
524921,female,40,168.0,66.0,24.0,103.0,40.6,142.0,1
288279,male,45,185.0,81.0,14.0,95.0,40.2,69.0,0
286082,female,21,160.0,57.0,5.0,85.0,39.2,20.0,0
595397,female,42,164.0,64.0,16.0,94.0,40.2,81.0,1
195085,male,46,186.0,89.0,2.0,90.0,38.0,9.0,0
617074,male,34,185.0,86.0,5.0,91.0,39.1,21.0,0
503845,female,28,173.0,66.0,30.0,112.0,40.9,193.0,1
623510,female,29,183.0,82.0,1.0,73.0,37.9,2.0,0
485339,female,24,172.0,70.0,30.0,114.0,41.0,204.0,1
641410,female,40,161.0,66.0,13.0,96.0,40.1,69.0,0
371255,male,21,181.0,79.0,15.0,104.0,40.3,82.0,1
94318,female,73,176.0,69.0,25.0,97.0,40.7,166.0,1
705901,male,23,181.0,81.0,12.0,88.0,40.1,37.0,0
69605,male,56,174.0,80.0,25.0,105.0,40.8,178.0,1
20008,male,38,195.0,102.0,17.0,86.0,40.4,65.0,0
567031,male,28,177.0,73.0,28.0,106.0,41.0,159.0,1
62152,female,36,156.0,51.0,10.0,87.0,40.1,45.0,0
572081,female,24,155.0,51.0,23.0,106.0,40.7,144.0,1
613785,female,39,158.0,61.0,13.0,90.0,40.3,60.0,0
299091,female,42,164.0,65.0,11.0,87.0,39.7,45.0,0
531133,male,42,186.0,96.0,9.0,95.0,39.8,44.0,0
687968,female,67,166.0,67.0,4.0,81.0,39.1,17.0,0
428182,female,20,182.0,72.0,22.0,98.0,40.2,104.0,1
46388,male,24,191.0,86.0,22.0,107.0,40.9,134.0,1
185654,female,49,160.0,59.0,28.0,102.0,40.7,170.0,1
504592,female,20,158.0,54.0,23.0,107.0,40.7,142.0,1
697678,female,39,171.0,66.0,11.0,91.0,39.7,51.0,0
643533,female,42,167.0,65.0,20.0,103.0,40.5,118.0,1
167786,male,68,190.0,92.0,21.0,99.0,40.9,140.0,1
349851,female,59,175.0,78.0,28.0,121.0,40.8,221.0,1
108757,male,41,174.0,79.0,5.0,86.0,39.2,18.0,0
691405,female,32,182.0,71.0,7.0,84.0,39.8,23.0,0
273733,male,56,186.0,90.0,9.0,92.0,39.5,49.0,0
183814,male,21,199.0,99.0,14.0,95.0,40.1,60.0,0
288910,male,50,197.0,93.0,4.0,87.0,38.7,18.0,0
518501,male,20,176.0,73.0,8.0,82.0,39.3,14.0,0
219108,male,33,177.0,82.0,11.0,86.0,39.6,34.0,0
284233,male,25,184.0,81.0,6.0,92.0,39.3,21.0,0
133136,female,65,172.0,70.0,9.0,97.0,39.8,52.0,0
548788,female,23,172.0,70.0,5.0,76.0,39.1,15.0,0
638953,female,74,172.0,70.0,19.0,101.0,40.7,119.0,1
71475,female,66,153.0,54.0,7.0,88.0,39.7,33.0,0
428559,male,21,187.0,81.0,23.0,94.0,40.8,88.0,1
718552,female,21,160.0,59.0,18.0,103.0,40.7,106.0,1
464077,female,60,161.0,61.0,6.0,90.0,39.7,29.0,0
442971,female,39,164.0,61.0,22.0,97.0,40.5,115.0,1
332622,female,25,158.0,59.0,2.0,83.0,38.2,7.0,0
28200,female,21,178.0,71.0,7.0,85.0,39.4,27.0,0
335906,female,27,166.0,66.0,16.0,106.0,40.4,97.0,1
345826,female,20,154.0,52.0,24.0,105.0,40.7,144.0,1
422419,female,52,157.0,53.0,30.0,113.0,40.8,218.0,1
